Time,Day_of_week,Age_band_of_driver,Sex_of_driver,Educational_level,Driving_experience,Type_of_vehicle,Owner_of_vehicle,Service_year_of_vehicle,Defect_of_vehicle,Area_accident_occured,Lanes_or_Medians,Road_allignment,Types_of_Junction,Road_surface_type,Road_surface_conditions,Light_conditions,Weather_conditions,Type_of_collision,Number_of_vehicles_involved,Number_of_casualties,Vehicle_movement,Casualty_class,Sex_of_casualty,Age_band_of_casualty,Casualty_severity,Cause_of_accident,Accident_severity
2024-10-05 18:05:00,Monday,18-30,Male,Junior high school,Above 10yr,Taxi,Owner,Unknown,No defect,Other,Two-way (divided with broken lines road marking),Tangent road with flat terrain,Y Shape,Gravel roads,Dry,Daylight,Normal,Collision with roadside objects,1,1,Turnover,NA,NA,NA,NA,No distancing,Slight Injury
2024-10-05 19:25:00,Thursday,31-50,Male,Junior high school,Above 10yr,Automobile,Owner,Unknown,Unknown,Other,Two-way (divided with broken lines road marking),Tangent road with flat terrain,Y Shape,Asphalt roads,Dry,Daylight,Normal,Vehicle with vehicle collision,2,1,Going straight,Driver or rider,Male,31-50,3,Changing lane to the left,Serious Injury
2024-10-05 19:25:00,Thursday,31-50,Male,Junior high school,Above 10yr,Long lorry,Owner,Unknown,No defect,Industrial areas,Two-way (divided with broken lines road marking),Other,Y Shape,Asphalt roads,Dry,Daylight,Normal,Vehicle with vehicle collision,2,1,Going straight,NA,NA,NA,NA,No priority to vehicle,Serious Injury
2024-10-05 08:12:00,Monday,18-30,Male,Junior high school,No Licence,Automobile,Governmental,2-5yrs,Unknown,Other,Two-way (divided with broken lines road marking),Tangent road with flat terrain,Y Shape,Asphalt roads,Dry,Daylight,Normal,Vehicle with vehicle collision,2,1,Going straight,NA,NA,NA,NA,Moving Backward,Slight Injury
2024-10-05 08:12:00,Monday,Unknown,Female,Junior high school,1-2yr,Public (12 seats),Governmental,Unknown,Unknown,Office areas,Other,Tangent road with flat terrain,Y Shape,Asphalt roads,Dry,Daylight,Normal,Collision with roadside objects,2,1,Going straight,Driver or rider,Female,31-50,3,Overtaking,Slight Injury
2024-10-05 11:28:00,Friday,18-30,Male,Illiterate,1-2yr,Lorry (11-40Q),Owner,Unknown,Unknown,Other,Other,Tangent road with flat terrain,Y Shape,Asphalt roads,Dry,Daylight,Normal,Vehicle with vehicle collision,2,1,Going straight,NA,NA,NA,NA,Changing lane to the left,Slight Injury
2024-10-05 11:28:00,Friday,Unknown,Female,Junior high school,Below 1yr,Pick up upto 10Q,Owner,Unknown,Unknown,Office areas,Two-way (divided with broken lines road marking),Tangent road with flat terrain,Y Shape,Asphalt roads,Dry,Daylight,Normal,Vehicle with vehicle collision,2,1,Going straight,Driver or rider,Female,31-50,3,Changing lane to the right,Slight Injury
2024-10-05 11:42:00,Thursday,31-50,Male,Junior high school,1-2yr,Lorry (41-100Q),Owner,Unknown,Unknown,Office areas,Undivided Two way,Tangent road with flat terrain,Y Shape,Asphalt roads,Dry,Daylight,Normal,Vehicle with vehicle collision,2,1,Going straight,Pedestrian,Female,Under 18,3,Overtaking,Slight Injury
2024-10-05 11:42:00,Thursday,31-50,Male,Junior high school,2-5yr,Other,Organization,Unknown,Unknown,Other,Other,Tangent road with flat terrain,Y Shape,Asphalt roads,Dry,Daylight,Normal,Vehicle with vehicle collision,2,1,Going straight,Pedestrian,Male,Under 18,3,Overloading,Slight Injury
2024-10-05 15:00:00,Thursday,31-50,Male,Unknown,5-10yr,Automobile,Governmental,2-5yrs,Unknown,Other,Other,Tangent road with flat terrain,Y Shape,Asphalt roads,Dry,Daylight,Normal,Vehicle with vehicle collision,2,1,Going straight,NA,NA,NA,NA,Other,Slight Injury
2024-10-05 15:00:00,Thursday,31-50,Male,Unknown,Above 10yr,Long lorry,Owner,Unknown,No defect,Other,Undivided Two way,Tangent road with flat terrain,Y Shape,Asphalt roads,Dry,Daylight,Normal,Vehicle with vehicle collision,2,1,Turnover,Driver or rider,Male,31-50,3,No priority to vehicle,Slight Injury
2024-10-05 16:30:00,Tuesday,18-30,Male,Junior high school,2-5yr,Lorry (11-40Q),Owner,Above 10yr,Unknown,Other,Other,Tangent road with flat terrain,Y Shape,Asphalt roads,Dry,Daylight,Normal,Vehicle with vehicle collision,1,1,Other,Driver or rider,Female,Over 51,3,Changing lane to the right,Slight Injury
2024-10-05 19:08:00,Monday,18-30,Male,Elementary school,Above 10yr,Long lorry,Other,Unknown,Unknown,Residential areas,Undivided Two way,Tangent road with flat terrain,Crossing,Asphalt roads,Dry,Daylight,Normal,Collision with roadside objects,2,1,Reversing,Driver or rider,Female,31-50,3,Moving Backward,Slight Injury
2024-10-05 19:08:00,Monday,18-30,Male,Writing & reading,5-10yr,Automobile,Owner,2-5yrs,No defect,Church areas,Undivided Two way,Tangent road with flat terrain,Crossing,Asphalt roads,Dry,Daylight,Normal,Vehicle with vehicle collision,2,1,Other,NA,NA,NA,NA,Changing lane to the left,Slight Injury
2024-10-05 11:33:00,Monday,18-30,Male,Unknown,Unknown,Taxi,Owner,2-5yrs,Unknown,Office areas,Double carriageway (median),Tangent road with flat terrain,No junction,Asphalt roads,Dry,Daylight,Normal,Vehicle with vehicle collision,2,1,Going straight,Driver or rider,Male,Over 51,3,No priority to pedestrian,Slight Injury
2024-10-05 11:33:00,Monday,18-30,Male,Junior high school,5-10yr,Taxi,Owner,2-5yrs,Unknown,Church areas,Other,Tangent road with flat terrain,No junction,Asphalt roads,Dry,Daylight,Normal,Vehicle with vehicle collision,2,1,Going straight,Pedestrian,Male,Under 18,3,No distancing,Slight Injury
2024-10-05 21:37:00,Tuesday,18-30,Male,Junior high school,Below 1yr,Long lorry,Owner,2-5yrs,Unknown,Other,Two-way (divided with broken lines road marking),Tangent road with flat terrain,Y Shape,Asphalt roads,Dry,Darkness - lights lit,Normal,Vehicle with vehicle collision,2,1,Turnover,Driver or rider,Male,Over 51,3,No priority to vehicle,Serious Injury
2024-10-05 21:37:00,Tuesday,31-50,Male,Junior high school,2-5yr,Lorry (11-40Q),Owner,Unknown,Unknown,Other,Other,Tangent road with flat terrain,Y Shape,Asphalt roads,Dry,Darkness - lights lit,Normal,Vehicle with vehicle collision,2,1,Other,Pedestrian,Male,18-30,2,No distancing,Serious Injury
2024-10-05 08:37:00,Thursday,31-50,Male,Elementary school,2-5yr,Lorry (11-40Q),Owner,1-2yr,Unknown,School areas,Other,Steep grade downward with mountainous terrain,Y Shape,Asphalt roads,Dry,Daylight,Normal,Vehicle with vehicle collision,1,1,Going straight,NA,NA,NA,NA,No distancing,Slight Injury
2024-10-05 14:19:00,Wednesday,31-50,Male,Junior high school,2-5yr,Long lorry,Owner,5-10yrs,Unknown,Office areas,Two-way (divided with broken lines road marking),Tangent road with mild grade and flat terrain,Y Shape,Asphalt roads,Dry,Daylight,Normal,Vehicle with vehicle collision,1,1,Going straight,NA,NA,NA,NA,Moving Backward,Slight Injury
2024-10-05 01:40:00,Saturday,18-30,Male,Junior high school,2-5yr,Turbo,Owner,Below 1yr,Unknown,Other,Other,Steep grade downward with mountainous terrain,Y Shape,Asphalt roads,Dry,Darkness - lights lit,Normal,Collision with roadside objects,3,2,Other,Driver or rider,Male,31-50,3,Changing lane to the right,Slight Injury
2024-10-05 01:40:00,Saturday,Unknown,Female,Junior high school,5-10yr,Long lorry,Owner,Unknown,Unknown,Office areas,Undivided Two way,Tangent road with flat terrain,Y Shape,Asphalt roads,Dry,Darkness - lights lit,Normal,Rollover,3,2,Going straight,NA,NA,NA,NA,No priority to pedestrian,Slight Injury
2024-10-05 01:40:00,Saturday,31-50,Male,Junior high school,5-10yr,Long lorry,Owner,Unknown,Unknown,Other,Undivided Two way,Tangent road with flat terrain,Y Shape,Asphalt roads,Dry,Darkness - lights lit,Normal,Vehicle with vehicle collision,3,2,Turnover,NA,NA,NA,NA,Moving Backward,Slight Injury
2024-10-05 19:55:00,Sunday,31-50,Male,Junior high school,Above 10yr,Public (13-45 seats),Owner,2-5yrs,Unknown,Other,Two-way (divided with broken lines road marking),Tangent road with flat terrain,No junction,Asphalt roads,Dry,Daylight,Normal,Vehicle with vehicle collision,2,2,Going straight,Driver or rider,Male,18-30,3,Getting off the vehicle improperly,Slight Injury
2024-10-05 19:55:00,Sunday,31-50,Male,Elementary school,5-10yr,Automobile,Owner,Unknown,Unknown,Office areas,Undivided Two way,Tangent road with flat terrain,No junction,Asphalt roads,Dry,Daylight,Normal,Vehicle with vehicle collision,2,2,Turnover,Driver or rider,Male,Over 51,3,Overtaking,Slight Injury
2024-10-05 07:08:00,Thursday,31-50,Male,Junior high school,5-10yr,Automobile,Owner,Unknown,No defect,Other,Double carriageway (median),Tangent road with flat terrain,Crossing,Asphalt roads,Dry,Daylight,Normal,Vehicle with vehicle collision,2,1,Going straight,NA,NA,NA,NA,Overloading,Slight Injury
2024-10-05 07:08:00,Thursday,31-50,Male,Junior high school,Above 10yr,Pick up upto 10Q,Owner,Unknown,Unknown,Church areas,Other,Tangent road with flat terrain,Crossing,Asphalt roads,Dry,Daylight,Normal,Vehicle with vehicle collision,2,1,Moving Backward,NA,NA,NA,NA,Changing lane to the right,Slight Injury
2024-10-05 09:50:00,Friday,31-50,Male,Elementary school,Unknown,Other,Owner,Unknown,No defect,Office areas,Two-way (divided with broken lines road marking),Tangent road with flat terrain,Y Shape,Asphalt roads,Dry,Daylight,Normal,Vehicle with vehicle collision,2,1,Other,Driver or rider,Male,18-30,3,Improper parking,Slight Injury
2024-10-05 09:50:00,Friday,18-30,Male,Junior high school,5-10yr,Stationwagen,Owner,Above 10yr,No defect,Office areas,Two-way (divided with broken lines road marking),Tangent road with flat terrain,Y Shape,Asphalt roads,Dry,Daylight,Normal,Vehicle with vehicle collision,2,1,Going straight,Driver or rider,Male,18-30,2,Other,Slight Injury
2024-10-05 16:45:00,Friday,Over 51,Male,Junior high school,5-10yr,Other,Owner,2-5yrs,Unknown,Other,Undivided Two way,Tangent road with mountainous terrain and,Y Shape,Asphalt roads,Dry,Daylight,Normal,Vehicle with vehicle collision,1,1,Going straight,Pedestrian,Male,Under 18,3,Changing lane to the left,Slight Injury
2024-10-05 01:00:00,Friday,31-50,Male,Junior high school,Below 1yr,Automobile,Owner,2-5yrs,Unknown,Residential areas,Undivided Two way,Tangent road with flat terrain,Y Shape,Asphalt roads,Dry,Darkness - lights lit,Normal,Collision with roadside objects,1,1,Reversing,NA,NA,NA,NA,Changing lane to the right,Slight Injury
2024-10-05 19:00:00,Friday,31-50,Male,Unknown,Unknown,Automobile,Owner,Unknown,No defect,Residential areas,Undivided Two way,Tangent road with flat terrain,Other,Asphalt roads,Dry,Daylight,Normal,Vehicle with vehicle collision,2,1,Reversing,Driver or rider,Male,18-30,3,No priority to pedestrian,Slight Injury
2024-10-05 19:00:00,Friday,31-50,Male,Junior high school,5-10yr,Long lorry,Owner,5-10yrs,7,Other,Two-way (divided with broken lines road marking),Tangent road with flat terrain,Other,Asphalt roads,Dry,Daylight,Normal,Vehicle with vehicle collision,2,1,Reversing,NA,NA,NA,NA,Overspeed,Slight Injury
2024-10-05 09:40:00,Thursday,18-30,Male,Junior high school,5-10yr,Public (13-45 seats),Owner,Unknown,7,Other,Other,Tangent road with flat terrain,No junction,Asphalt roads,Dry,Daylight,Other,Vehicle with vehicle collision,2,1,Going straight,Driver or rider,Male,18-30,3,Changing lane to the left,Serious Injury
2024-10-05 09:40:00,Thursday,Unknown,Female,Junior high school,Above 10yr,Public (13-45 seats),Owner,Unknown,No defect,Office areas,Other,Steep grade downward with mountainous terrain,No junction,Asphalt roads,Dry,Daylight,Other,Vehicle with vehicle collision,2,1,Going straight,Driver or rider,Male,18-30,2,No priority to vehicle,Serious Injury
2024-10-05 16:05:00,Saturday,31-50,Male,High school,Above 10yr,Lorry (11-40Q),Governmental,Unknown,No defect,School areas,Double carriageway (median),Tangent road with flat terrain,No junction,Asphalt roads,Dry,Daylight,Normal,Collision with pedestrians,2,1,Going straight,NA,NA,NA,NA,Changing lane to the right,Slight Injury
2024-10-05 16:05:00,Saturday,18-30,Male,Junior high school,Above 10yr,Lorry (11-40Q),Owner,Unknown,No defect,Other,Two-way (divided with broken lines road marking),Steep grade downward with mountainous terrain,No junction,Asphalt roads,Dry,Daylight,Normal,Collision with pedestrians,2,1,Going straight,NA,NA,NA,NA,No distancing,Slight Injury
2024-10-05 09:55:00,Wednesday,18-30,Male,Junior high school,Above 10yr,Pick up upto 10Q,Owner,5-10yrs,No defect,Other,Two-way (divided with broken lines road marking),Tangent road with rolling terrain,No junction,Asphalt roads,Dry,Daylight,Normal,Vehicle with vehicle collision,2,1,Moving Backward,Passenger,Female,18-30,3,No priority to pedestrian,Serious Injury
2024-10-05 09:55:00,Wednesday,18-30,Male,Junior high school,Above 10yr,Automobile,Governmental,Unknown,No defect,Church areas,Two-way (divided with broken lines road marking),Tangent road with flat terrain,No junction,Asphalt roads,Dry,Daylight,Normal,Vehicle with vehicle collision,2,1,Going straight,Passenger,Female,Under 18,3,No distancing,Serious Injury
2024-10-05 13:52:00,Saturday,31-50,Male,Junior high school,Above 10yr,Automobile,Other,Unknown,Unknown,Office areas,Other,Tangent road with mild grade and flat terrain,Y Shape,Asphalt roads,Dry,Daylight,Normal,Vehicle with vehicle collision,1,1,Moving Backward,NA,NA,NA,NA,No priority to vehicle,Serious Injury
2024-10-05 20:20:00,Saturday,Unknown,Female,Junior high school,5-10yr,Automobile,Owner,Unknown,Unknown,Other,Two-way (divided with broken lines road marking),Tangent road with mild grade and flat terrain,Y Shape,Asphalt roads,Dry,Darkness - lights lit,Normal,Rollover,1,1,Moving Backward,Pedestrian,Female,Under 18,3,Other,Slight Injury
2024-10-05 12:15:00,Wednesday,18-30,Male,Junior high school,2-5yr,Long lorry,Governmental,Unknown,No defect,Residential areas,Double carriageway (median),Tangent road with flat terrain,Y Shape,Asphalt roads,Dry,Daylight,Normal,Vehicle with vehicle collision,1,2,Going straight,Pedestrian,Female,Under 18,3,Driving carelessly,Slight Injury
2024-10-05 12:15:00,Wednesday,18-30,Male,Junior high school,Below 1yr,Long lorry,Owner,Unknown,Unknown,Office areas,Two-way (divided with broken lines road marking),Tangent road with flat terrain,Y Shape,Asphalt roads,Dry,Daylight,Normal,Vehicle with vehicle collision,1,2,Other,NA,NA,NA,NA,Changing lane to the left,Slight Injury
2024-10-05 16:50:00,Friday,31-50,Male,Junior high school,Below 1yr,Automobile,Owner,Unknown,Unknown,Office areas,Undivided Two way,Tangent road with flat terrain,Y Shape,Asphalt roads,Dry,Daylight,Normal,Collision with pedestrians,1,1,Going straight,Driver or rider,Male,Under 18,3,Driving carelessly,Slight Injury
2024-10-05 19:28:00,Wednesday,31-50,Male,Junior high school,2-5yr,Stationwagen,Owner,Below 1yr,Unknown,Office areas,Two-way (divided with broken lines road marking),Tangent road with flat terrain,Y Shape,Asphalt roads,Dry,Daylight,Normal,Vehicle with vehicle collision,2,1,Other,NA,NA,NA,NA,Changing lane to the left,Slight Injury
2024-10-05 19:28:00,Wednesday,18-30,Male,Elementary school,Below 1yr,Other,Organization,1-2yr,Unknown,Church areas,Other,Tangent road with flat terrain,Y Shape,Asphalt roads,Dry,Daylight,Normal,Vehicle with vehicle collision,2,1,Going straight,Passenger,Female,Over 51,3,No priority to vehicle,Slight Injury
2024-10-05 06:08:00,Tuesday,18-30,Male,Junior high school,Below 1yr,Other,Owner,Unknown,Unknown,Office areas,Two-way (divided with broken lines road marking),Tangent road with flat terrain,Y Shape,Asphalt roads,Dry,Daylight,Normal,Vehicle with vehicle collision,2,1,Reversing,Passenger,Female,31-50,3,No distancing,Slight Injury
2024-10-05 06:08:00,Tuesday,31-50,Male,Junior high school,Unknown,Special vehicle,Owner,1-2yr,Unknown,Office areas,Two-way (divided with broken lines road marking),Tangent road with mild grade and flat terrain,Y Shape,Asphalt roads,Dry,Daylight,Normal,Collision with pedestrians,2,1,Other,Passenger,Female,Over 51,3,Changing lane to the right,Slight Injury
2024-10-05 17:10:00,Sunday,31-50,Male,Unknown,5-10yr,Lorry (41-100Q),Owner,Unknown,Unknown,Office areas,Two-way (divided with broken lines road marking),Tangent road with mild grade and flat terrain,No junction,Asphalt roads,Dry,Daylight,Normal,Vehicle with vehicle collision,1,1,Going straight,NA,NA,NA,NA,Changing lane to the right,Slight Injury
2024-10-05 17:10:00,Thursday,Over 51,Male,Writing & reading,Below 1yr,Pick up upto 10Q,Owner,5-10yrs,No defect,Office areas,Two-way (divided with broken lines road marking),Tangent road with flat terrain,Crossing,Asphalt roads,Dry,Daylight,Normal,Collision with pedestrians,2,1,Going straight,NA,NA,NA,NA,Driving at high speed,Slight Injury
2024-10-05 17:10:00,Thursday,Over 51,Male,Junior high school,Below 1yr,Lorry (11-40Q),Owner,Unknown,No defect,Other,Two-way (divided with broken lines road marking),Tangent road with flat terrain,Crossing,Asphalt roads,Dry,Daylight,Normal,Vehicle with vehicle collision,2,1,Going straight,Driver or rider,Female,Over 51,3,No distancing,Slight Injury
2024-10-05 17:16:00,Monday,31-50,Male,Junior high school,1-2yr,Lorry (41-100Q),Owner,Unknown,No defect,Residential areas,Double carriageway (median),Tangent road with flat terrain,Y Shape,Asphalt roads,Dry,Daylight,Normal,Vehicle with vehicle collision,1,2,Going straight,NA,NA,NA,NA,Changing lane to the right,Slight Injury
2024-10-05 17:16:00,Monday,31-50,Male,Elementary school,Above 10yr,Motorcycle,Owner,Unknown,No defect,Church areas,Undivided Two way,Tangent road with flat terrain,Y Shape,Asphalt roads,Dry,Daylight,Normal,Vehicle with vehicle collision,1,2,Going straight,NA,NA,NA,NA,Changing lane to the left,Slight Injury
2024-10-05 12:00:00,Thursday,31-50,Male,Elementary school,Above 10yr,Automobile,Owner,Unknown,No defect,Other,Two-way (divided with broken lines road marking),Tangent road with flat terrain,No junction,Asphalt roads,Dry,Daylight,Normal,Vehicle with vehicle collision,1,1,Going straight,Pedestrian,Male,Over 51,3,Getting off the vehicle improperly,Slight Injury
2024-10-05 17:25:00,Tuesday,18-30,Male,Elementary school,Below 1yr,Automobile,Owner,Unknown,No defect,Recreational areas,Two-way (divided with broken lines road marking),Tangent road with flat terrain,Crossing,Asphalt roads,Dry,Daylight,Normal,Vehicle with vehicle collision,2,1,Other,Pedestrian,Male,Over 51,2,Other,Slight Injury
2024-10-05 17:25:00,Tuesday,31-50,Male,High school,2-5yr,Automobile,Other,Unknown,Unknown,Other,Other,Tangent road with flat terrain,Crossing,Asphalt roads,Dry,Daylight,Normal,Collision with roadside objects,2,1,Going straight,Pedestrian,Male,18-30,3,Other,Slight Injury
2024-10-05 19:37:00,Thursday,18-30,Male,Junior high school,2-5yr,Stationwagen,Owner,Unknown,No defect,Industrial areas,Undivided Two way,Tangent road with mild grade and flat terrain,Y Shape,Asphalt roads,Dry,Daylight,Normal,Vehicle with vehicle collision,1,2,Going straight,Passenger,Female,Under 18,3,No distancing,Slight Injury
2024-10-05 19:37:00,Thursday,18-30,Male,Above high school,Above 10yr,Other,Owner,Unknown,No defect,Other,Two-way (divided with broken lines road marking),Tangent road with flat terrain,Y Shape,Asphalt roads,Dry,Daylight,Normal,Vehicle with vehicle collision,1,2,Going straight,NA,NA,NA,NA,No priority to vehicle,Slight Injury
2024-10-05 08:28:00,Wednesday,18-30,Male,Junior high school,2-5yr,Public (> 45 seats),Owner,Unknown,Unknown,Other,Other,Tangent road with flat terrain,No junction,Asphalt roads,Dry,Daylight,Normal,Collision with roadside objects,1,1,Going straight,NA,NA,NA,NA,Overtaking,Serious Injury
2024-10-05 23:52:00,Tuesday,31-50,Male,Junior high school,2-5yr,Public (> 45 seats),Owner,5-10yrs,No defect,Church areas,Other,Tangent road with flat terrain,Y Shape,Asphalt roads,Dry,Darkness - lights lit,Normal,Vehicle with vehicle collision,1,1,Reversing,NA,NA,NA,NA,No priority to pedestrian,Slight Injury
2024-10-05 20:20:00,Friday,Over 51,Male,High school,1-2yr,Stationwagen,Owner,5-10yrs,No defect,Church areas,Undivided Two way,Tangent road with flat terrain,Y Shape,Asphalt roads,Dry,Daylight,Normal,Vehicle with vehicle collision,2,1,Going straight,Driver or rider,Male,18-30,3,No distancing,Slight Injury
2024-10-05 20:20:00,Friday,31-50,Male,Junior high school,5-10yr,Automobile,Owner,Unknown,No defect,Other,Two-way (divided with broken lines road marking),Tangent road with flat terrain,Y Shape,Asphalt roads,Dry,Daylight,Normal,Vehicle with vehicle collision,2,1,Going straight,Driver or rider,Female,18-30,3,Changing lane to the right,Slight Injury
2024-10-05 22:10:00,Monday,Over 51,Male,Junior high school,Below 1yr,Bicycle,Owner,Unknown,No defect,Other,One way,Tangent road with flat terrain,Y Shape,Asphalt roads,Dry,Darkness - lights lit,Normal,Vehicle with vehicle collision,2,1,Other,NA,NA,NA,NA,Driving carelessly,Slight Injury
2024-10-05 22:10:00,Monday,31-50,Male,Junior high school,Below 1yr,Automobile,Governmental,2-5yrs,Unknown,Recreational areas,Two-way (divided with broken lines road marking),Tangent road with flat terrain,Y Shape,Asphalt roads,Dry,Darkness - lights lit,Normal,Collision with pedestrians,2,1,Going straight,Pedestrian,Female,31-50,2,Changing lane to the right,Slight Injury
2024-10-05 03:00:00,Saturday,Over 51,Male,Elementary school,Unknown,Lorry (41-100Q),Owner,2-5yrs,Unknown,Other,Undivided Two way,Tangent road with flat terrain,Crossing,Asphalt roads,Wet or damp,Darkness - lights lit,Raining,Collision with pedestrians,2,3,Going straight,NA,NA,NA,NA,Overtaking,Slight Injury
2024-10-05 03:00:00,Saturday,Over 51,Male,Junior high school,Below 1yr,Automobile,Owner,5-10yrs,Unknown,Office areas,Undivided Two way,Tangent road with flat terrain,Crossing,Asphalt roads,Wet or damp,Darkness - lights lit,Raining,Vehicle with vehicle collision,2,3,Going straight,Driver or rider,Male,18-30,3,Other,Slight Injury
2024-10-05 03:00:00,Saturday,Over 51,Male,Junior high school,1-2yr,Public (13-45 seats),Owner,5-10yrs,No defect,Church areas,Two-way (divided with broken lines road marking),Tangent road with flat terrain,Crossing,Asphalt roads,Wet or damp,Darkness - lights lit,Raining,Vehicle with vehicle collision,2,3,Turnover,NA,NA,NA,NA,Driving to the left,Slight Injury
2024-10-05 03:00:00,Saturday,Under 18,Male,Elementary school,2-5yr,Special vehicle,Owner,2-5yrs,Unknown,Office areas,Two-way (divided with broken lines road marking),Tangent road with flat terrain,Crossing,Asphalt roads,Wet or damp,Darkness - lights lit,Raining,Collision with roadside objects,2,3,Going straight,Driver or rider,Male,31-50,3,Driving at high speed,Slight Injury
2024-10-05 08:02:00,Sunday,31-50,Male,High school,1-2yr,Automobile,Other,Unknown,No defect,Office areas,Undivided Two way,Tangent road with mountainous terrain and,Y Shape,Asphalt roads,Dry,Daylight,Normal,Vehicle with vehicle collision,2,1,Going straight,Pedestrian,Female,18-30,3,Other,Slight Injury
2024-10-05 08:02:00,Sunday,31-50,Male,Junior high school,5-10yr,Public (13-45 seats),Owner,2-5yrs,No defect,Other,Undivided Two way,Tangent road with flat terrain,Y Shape,Asphalt roads,Dry,Daylight,Normal,Vehicle with vehicle collision,2,1,Reversing,NA,NA,NA,NA,Changing lane to the right,Slight Injury
2024-10-05 08:40:00,Saturday,18-30,Male,Junior high school,Below 1yr,Other,Governmental,Unknown,Unknown,Residential areas,Two-way (divided with broken lines road marking),Tangent road with flat terrain,Crossing,Asphalt roads,Dry,Daylight,Normal,Vehicle with vehicle collision,2,1,Other,Driver or rider,Male,18-30,3,No distancing,Slight Injury
2024-10-05 08:40:00,Saturday,18-30,Male,High school,Above 10yr,Lorry (41-100Q),Owner,2-5yrs,No defect,Office areas,Two-way (divided with broken lines road marking),Tangent road with mild grade and flat terrain,Crossing,Asphalt roads,Dry,Daylight,Normal,Vehicle with vehicle collision,2,1,Going straight,Driver or rider,Male,18-30,3,Other,Slight Injury
2024-10-05 13:10:00,Monday,Over 51,Male,Elementary school,5-10yr,Lorry (41-100Q),Owner,2-5yrs,Unknown,Residential areas,Other,Tangent road with flat terrain,Y Shape,Asphalt roads,Dry,Daylight,Normal,Collision with roadside objects,1,1,Going straight,Driver or rider,Male,18-30,3,No priority to vehicle,Slight Injury
2024-10-05 14:30:00,Saturday,Over 51,Male,Elementary school,Below 1yr,Public (12 seats),Owner,Unknown,No defect,Residential areas,Two-way (divided with broken lines road marking),Tangent road with flat terrain,Y Shape,Asphalt roads,Dry,Daylight,Normal,Vehicle with vehicle collision,2,1,Moving Backward,Driver or rider,Female,31-50,3,Changing lane to the left,Slight Injury
2024-10-05 14:30:00,Saturday,18-30,Male,Junior high school,5-10yr,Lorry (41-100Q),Owner,Unknown,No defect,Other,Double carriageway (median),Tangent road with flat terrain,Y Shape,Asphalt roads,Dry,Daylight,Normal,Vehicle with vehicle collision,2,1,Reversing,Driver or rider,Male,Over 51,2,No priority to pedestrian,Slight Injury
2024-10-05 11:29:00,Thursday,Over 51,Male,Elementary school,5-10yr,Lorry (41-100Q),Owner,Unknown,No defect,Hospital areas,One way,Tangent road with flat terrain,Y Shape,Asphalt roads,Dry,Daylight,Normal,Collision with roadside objects,2,1,Going straight,NA,NA,NA,NA,Overtaking,Slight Injury
2024-10-05 11:29:00,Thursday,31-50,Male,Junior high school,2-5yr,Public (12 seats),Governmental,Unknown,No defect,Other,Undivided Two way,Tangent road with flat terrain,Y Shape,Asphalt roads,Dry,Daylight,Normal,Vehicle with vehicle collision,2,1,Going straight,Pedestrian,Male,Under 18,3,Driving carelessly,Slight Injury
2024-10-05 00:10:00,Saturday,18-30,Male,Junior high school,Above 10yr,Public (> 45 seats),Owner,Unknown,No defect,Other,Undivided Two way,Tangent road with flat terrain,Y Shape,Asphalt roads,Dry,Darkness - lights lit,Normal,Collision with roadside objects,2,1,Moving Backward,NA,NA,NA,NA,No priority to vehicle,Slight Injury
2024-10-05 00:10:00,Saturday,31-50,Male,Junior high school,5-10yr,Automobile,Owner,Unknown,No defect,Recreational areas,One way,Tangent road with mild grade and flat terrain,Y Shape,Asphalt roads,Dry,Darkness - lights lit,Normal,Vehicle with vehicle collision,2,1,Going straight,Driver or rider,Male,18-30,2,No priority to pedestrian,Slight Injury
2024-10-05 06:15:00,Wednesday,31-50,Male,High school,1-2yr,Pick up upto 10Q,Owner,Unknown,No defect,Other,Undivided Two way,Tangent road with flat terrain,Y Shape,Asphalt roads,Dry,Daylight,Normal,Vehicle with vehicle collision,1,1,Going straight,Driver or rider,Male,31-50,3,Changing lane to the right,Slight Injury
2024-10-05 16:24:00,Wednesday,18-30,Male,Junior high school,Above 10yr,Stationwagen,Owner,Unknown,No defect,Other,Undivided Two way,Tangent road with flat terrain,Y Shape,Asphalt roads,Dry,Daylight,Normal,Vehicle with vehicle collision,2,1,Going straight,Driver or rider,Female,Over 51,3,Driving carelessly,Slight Injury
2024-10-05 16:24:00,Wednesday,31-50,Male,Elementary school,2-5yr,Other,Owner,Unknown,No defect,Other,Undivided Two way,Tangent road with flat terrain,Y Shape,Asphalt roads,Dry,Daylight,Normal,Vehicle with vehicle collision,2,1,Going straight,NA,NA,NA,NA,Changing lane to the right,Slight Injury
2024-10-05 08:30:00,Friday,18-30,Male,Junior high school,5-10yr,Other,Owner,Below 1yr,No defect,Office areas,Two-way (divided with broken lines road marking),Tangent road with flat terrain,Crossing,Asphalt roads,Dry,Daylight,Normal,Vehicle with vehicle collision,3,1,Going straight,Driver or rider,Female,31-50,3,Changing lane to the right,Serious Injury
2024-10-05 08:30:00,Friday,31-50,Male,Junior high school,Below 1yr,Automobile,Owner,2-5yrs,No defect,Other,Two-way (divided with broken lines road marking),Tangent road with mild grade and flat terrain,Crossing,Asphalt roads,Dry,Daylight,Normal,Vehicle with vehicle collision,3,1,Going straight,Driver or rider,Male,31-50,3,Changing lane to the left,Serious Injury
2024-10-05 08:30:00,Friday,31-50,Male,Junior high school,5-10yr,Stationwagen,Owner,Unknown,No defect,Residential areas,Two-way (divided with broken lines road marking),Tangent road with flat terrain,Crossing,Asphalt roads,Dry,Daylight,Normal,Vehicle with vehicle collision,3,1,Other,Driver or rider,Female,31-50,3,Overturning,Serious Injury