Time,Day_of_week,Age_band_of_driver,Sex_of_driver,Educational_level,Driving_experience,Type_of_vehicle,Owner_of_vehicle,Service_year_of_vehicle,Defect_of_vehicle,Area_accident_occured,Lanes_or_Medians,Road_allignment,Types_of_Junction,Road_surface_type,Road_surface_conditions,Light_conditions,Weather_conditions,Type_of_collision,Number_of_vehicles_involved,Number_of_casualties,Vehicle_movement,Casualty_class,Sex_of_casualty,Age_band_of_casualty,Casualty_severity,Cause_of_accident,Accident_severity
2024-10-05 17:05:00,Monday,31-50,Male,Elementary school,Below 1yr,Taxi,Owner,5-10yrs,No defect,Residential areas,One way,Tangent road with flat terrain,Y Shape,Asphalt roads,Dry,Daylight,Normal,Vehicle with vehicle collision,2,1,Other,Passenger,Female,18-30,3,No distancing,Serious Injury
2024-10-05 08:00:00,Tuesday,18-30,Male,Elementary school,5-10yr,Automobile,Owner,5-10yrs,No defect,Residential areas,Undivided Two way,Tangent road with flat terrain,No junction,Asphalt roads,Dry,Daylight,Normal,Rollover,2,1,Going straight,Driver or rider,Male,18-30,3,Overturning,Slight Injury
2024-10-05 08:00:00,Tuesday,18-30,Male,Elementary school,1-2yr,Long lorry,Owner,1-2yr,No defect,Other,Two-way (divided with broken lines road marking),Tangent road with flat terrain,No junction,Asphalt roads,Dry,Daylight,Normal,Collision with roadside objects,2,1,Going straight,NA,NA,NA,NA,No priority to vehicle,Slight Injury
2024-10-05 08:55:00,Thursday,Unknown,Male,Elementary school,5-10yr,Automobile,Owner,1-2yr,No defect,Office areas,Two-way (divided with broken lines road marking),Tangent road with flat terrain,No junction,Asphalt roads,Dry,Daylight,Normal,Vehicle with vehicle collision,2,1,Going straight,Driver or rider,Male,31-50,3,Moving Backward,Slight Injury
2024-10-05 08:55:00,Thursday,18-30,Male,Elementary school,5-10yr,Public (12 seats),Owner,2-5yrs,No defect,Other,Other,Tangent road with flat terrain,No junction,Asphalt roads,Dry,Daylight,Normal,Vehicle with vehicle collision,2,1,Going straight,NA,NA,NA,NA,Driving under the influence of drugs,Slight Injury
2024-10-05 16:35:00,Tuesday,31-50,Male,Elementary school,2-5yr,Lorry (11-40Q),Owner,Unknown,No defect,Office areas,Double carriageway (median),Tangent road with flat terrain,No junction,Asphalt roads,Dry,Daylight,Normal,Collision with roadside objects,3,1,Going straight,Driver or rider,Male,18-30,3,Moving Backward,Slight Injury
2024-10-05 16:35:00,Tuesday,Unknown,Male,Elementary school,5-10yr,Pick up upto 10Q,Owner,Unknown,No defect,Residential areas,Two-way (divided with broken lines road marking),Tangent road with flat terrain,No junction,Asphalt roads,Dry,Daylight,Normal,Vehicle with vehicle collision,3,1,Going straight,Driver or rider,Female,31-50,3,Changing lane to the right,Slight Injury
2024-10-05 16:35:00,Tuesday,Unknown,Female,Unknown,5-10yr,Lorry (41-100Q),Owner,Unknown,No defect,Office areas,Double carriageway (median),Gentle horizontal curve,No junction,Asphalt roads,Dry,Daylight,Normal,Vehicle with vehicle collision,3,1,Going straight,NA,NA,NA,NA,Overspeed,Slight Injury
2024-10-05 19:32:00,Wednesday,18-30,Male,Junior high school,Above 10yr,Other,Owner,Unknown,No defect,Office areas,Double carriageway (median),Tangent road with flat terrain,No junction,Asphalt roads,Wet or damp,Darkness - lights lit,Normal,Vehicle with vehicle collision,3,1,Going straight,Driver or rider,Male,Over 51,3,Driving under the influence of drugs,Slight Injury
2024-10-05 19:32:00,Wednesday,Over 51,Male,Junior high school,Above 10yr,Automobile,Organization,Unknown,No defect,Other,Double carriageway (median),Tangent road with flat terrain,No junction,Asphalt roads,Wet or damp,Darkness - lights lit,Normal,Rollover,3,1,Going straight,NA,NA,NA,NA,Driving carelessly,Slight Injury
2024-10-05 19:32:00,Wednesday,18-30,Male,Elementary school,Below 1yr,Long lorry,Owner,Unknown,No defect,Office areas,Two-way (divided with broken lines road marking),Tangent road with flat terrain,No junction,Asphalt roads,Wet or damp,Darkness - lights lit,Normal,Rollover,3,1,Going straight,Driver or rider,Male,31-50,3,No distancing,Slight Injury
2024-10-05 17:30:00,Wednesday,Under 18,Male,Elementary school,5-10yr,Lorry (11-40Q),Owner,Unknown,No defect,Office areas,Other,Tangent road with flat terrain,Y Shape,Asphalt roads,Dry,Daylight,Normal,Collision with pedestrians,2,1,Going straight,NA,NA,NA,NA,No priority to vehicle,Serious Injury
2024-10-05 17:30:00,Wednesday,Under 18,Male,Elementary school,5-10yr,Long lorry,Governmental,Unknown,Unknown,Office areas,One way,Tangent road with flat terrain,Y Shape,Asphalt roads,Dry,Daylight,Normal,Vehicle with vehicle collision,2,1,Other,Driver or rider,Male,31-50,3,Overspeed,Serious Injury
2024-10-05 08:40:00,Tuesday,18-30,Male,Elementary school,2-5yr,Automobile,Owner,Unknown,Unknown,Other,Undivided Two way,Tangent road with flat terrain,No junction,Asphalt roads,Wet or damp,Daylight,Normal,Vehicle with vehicle collision,2,3,Going straight,Pedestrian,Female,Under 18,3,Driving under the influence of drugs,Slight Injury
2024-10-05 08:40:00,Tuesday,Over 51,Male,Elementary school,Above 10yr,Taxi,Owner,Unknown,Unknown,Residential areas,Other,Tangent road with flat terrain,No junction,Asphalt roads,Wet or damp,Daylight,Normal,Vehicle with vehicle collision,2,3,Going straight,NA,NA,NA,NA,Changing lane to the right,Slight Injury
2024-10-05 08:40:00,Tuesday,Over 51,Male,Elementary school,2-5yr,Taxi,Owner,2-5yrs,No defect,Residential areas,Two-way (divided with broken lines road marking),Gentle horizontal curve,No junction,Asphalt roads,Wet or damp,Daylight,Normal,Collision with pedestrians,2,3,Going straight,Driver or rider,Female,18-30,3,Changing lane to the right,Slight Injury
2024-10-05 21:10:00,Monday,Under 18,Male,Junior high school,Above 10yr,Long lorry,Owner,5-10yrs,Unknown,Church areas,Two-way (divided with broken lines road marking),Tangent road with flat terrain,Crossing,Asphalt roads,Dry,Darkness - lights lit,Normal,Collision with pedestrians,2,2,Going straight,Driver or rider,Male,18-30,3,Changing lane to the right,Slight Injury
2024-10-05 21:10:00,Monday,Under 18,Male,Junior high school,Below 1yr,Lorry (11-40Q),Owner,5-10yrs,Unknown,Other,Two-way (divided with broken lines road marking),Tangent road with flat terrain,Crossing,Asphalt roads,Dry,Darkness - lights lit,Normal,Vehicle with vehicle collision,2,2,Turnover,NA,NA,NA,NA,Changing lane to the right,Slight Injury
2024-10-05 21:10:00,Monday,31-50,Male,Junior high school,2-5yr,Lorry (11-40Q),Owner,Unknown,Unknown,Residential areas,Two-way (divided with broken lines road marking),Tangent road with flat terrain,Crossing,Asphalt roads,Dry,Darkness - lights lit,Normal,Vehicle with vehicle collision,2,2,Moving Backward,Pedestrian,Female,18-30,3,Moving Backward,Slight Injury
2024-10-05 07:16:00,Friday,18-30,Male,Elementary school,5-10yr,Long lorry,Owner,2-5yrs,Unknown,Other,Undivided Two way,Tangent road with flat terrain,Y Shape,Asphalt roads,Dry,Daylight,Normal,Vehicle with vehicle collision,2,1,Going straight,Passenger,Female,18-30,3,No distancing,Slight Injury
2024-10-05 07:16:00,Friday,31-50,Male,Elementary school,5-10yr,Turbo,Owner,2-5yrs,Unknown,Residential areas,Undivided Two way,Tangent road with flat terrain,Y Shape,Asphalt roads,Dry,Daylight,Normal,Collision with roadside objects,2,1,Going straight,NA,NA,NA,NA,Overspeed,Slight Injury
2024-10-05 12:50:00,Friday,Unknown,Female,Elementary school,1-2yr,Long lorry,Owner,2-5yrs,Unknown,Residential areas,Two-way (divided with broken lines road marking),Tangent road with flat terrain,Crossing,Asphalt roads,Dry,Daylight,Normal,Vehicle with vehicle collision,1,1,Moving Backward,Driver or rider,Male,18-30,3,No distancing,Slight Injury
2024-10-05 17:20:00,Friday,18-30,Male,Elementary school,Unknown,Long lorry,Owner,5-10yrs,No defect,Other,Two-way (divided with broken lines road marking),Tangent road with flat terrain,Y Shape,Asphalt roads,Dry,Darkness - lights lit,Normal,Collision with roadside objects,2,1,Going straight,NA,NA,NA,NA,Driving carelessly,Slight Injury
2024-10-05 17:20:00,Friday,Over 51,Male,Junior high school,1-2yr,Public (13-45 seats),Other,Unknown,Unknown,Other,Two-way (divided with broken lines road marking),Tangent road with flat terrain,Y Shape,Asphalt roads,Dry,Darkness - lights lit,Normal,Vehicle with vehicle collision,2,1,Moving Backward,Pedestrian,Male,31-50,3,No distancing,Slight Injury
2024-10-05 10:50:00,Thursday,Over 51,Male,Unknown,5-10yr,Automobile,Owner,Unknown,No defect,Other,Undivided Two way,Tangent road with flat terrain,Crossing,Asphalt roads,Dry,Daylight,Normal,Collision with pedestrians,2,2,Going straight,Pedestrian,Female,31-50,3,No distancing,Slight Injury
2024-10-05 10:50:00,Thursday,18-30,Male,Elementary school,1-2yr,Automobile,Owner,Unknown,No defect,Other,Double carriageway (median),Tangent road with flat terrain,Crossing,Asphalt roads,Dry,Daylight,Normal,Vehicle with vehicle collision,2,2,Going straight,Pedestrian,Female,18-30,3,No distancing,Slight Injury
2024-10-05 11:52:00,Sunday,31-50,Male,Junior high school,5-10yr,Pick up upto 10Q,Owner,Unknown,Unknown,Residential areas,Two-way (divided with broken lines road marking),Tangent road with flat terrain,Other,Asphalt roads,Wet or damp,Daylight,Normal,Vehicle with vehicle collision,2,1,Going straight,NA,NA,NA,NA,Changing lane to the right,Serious Injury
2024-10-05 11:52:00,Sunday,18-30,Male,Junior high school,2-5yr,Other,Owner,2-5yrs,Unknown,Recreational areas,Undivided Two way,Tangent road with flat terrain,Other,Asphalt roads,Wet or damp,Daylight,Normal,Vehicle with vehicle collision,2,1,Other,Driver or rider,Female,Over 51,3,No distancing,Serious Injury
2024-10-05 21:42:00,Saturday,31-50,Male,Junior high school,2-5yr,Stationwagen,Owner,Unknown,Unknown,Other,Other,Tangent road with flat terrain,Y Shape,Asphalt roads,Wet or damp,Darkness - lights lit,Normal,Vehicle with vehicle collision,1,1,Other,Passenger,Female,Over 51,3,No priority to vehicle,Serious Injury
2024-10-05 19:17:00,Monday,Under 18,Male,Junior high school,5-10yr,Other,Owner,Unknown,Unknown,Office areas,Undivided Two way,Tangent road with flat terrain,Y Shape,Asphalt roads,Wet or damp,Darkness - lights lit,Raining,Vehicle with vehicle collision,2,1,Going straight,Pedestrian,Male,31-50,3,Changing lane to the left,Serious Injury
2024-10-05 19:17:00,Monday,18-30,Male,Junior high school,Below 1yr,Automobile,Other,Unknown,Unknown,Other,Undivided Two way,Tangent road with flat terrain,Y Shape,Asphalt roads,Wet or damp,Darkness - lights lit,Raining,Collision with roadside objects,2,1,Reversing,Driver or rider,Male,18-30,3,Moving Backward,Serious Injury
2024-10-05 15:19:00,Friday,31-50,Male,High school,Below 1yr,Automobile,Owner,Unknown,Unknown,Office areas,Undivided Two way,Tangent road with flat terrain,No junction,Asphalt roads,Dry,Daylight,Normal,Collision with roadside objects,1,1,Going straight,NA,NA,NA,NA,Driving carelessly,Slight Injury
2024-10-05 13:25:00,Monday,31-50,Male,Junior high school,Unknown,Long lorry,Owner,Unknown,Unknown,Office areas,One way,Tangent road with flat terrain,Crossing,Asphalt roads,Dry,Daylight,Normal,Vehicle with vehicle collision,4,1,Going straight,NA,NA,NA,NA,Changing lane to the left,Slight Injury
2024-10-05 13:25:00,Monday,31-50,Male,Junior high school,Below 1yr,Public (13-45 seats),Owner,Unknown,Unknown,Office areas,Undivided Two way,Tangent road with flat terrain,Crossing,Asphalt roads,Dry,Daylight,Normal,Vehicle with vehicle collision,4,1,Going straight,Driver or rider,Male,5,3,No priority to pedestrian,Slight Injury
2024-10-05 13:25:00,Monday,31-50,Male,Junior high school,2-5yr,Public (13-45 seats),Owner,Unknown,No defect,Other,Undivided Two way,Tangent road with flat terrain,Crossing,Asphalt roads,Dry,Daylight,Normal,Vehicle with vehicle collision,4,1,Going straight,NA,NA,NA,NA,No distancing,Slight Injury
2024-10-05 13:25:00,Monday,31-50,Male,Junior high school,2-5yr,Lorry (11-40Q),Governmental,Unknown,Unknown,Other,Double carriageway (median),Tangent road with flat terrain,Crossing,Asphalt roads,Dry,Daylight,Normal,Vehicle with vehicle collision,4,1,Moving Backward,Driver or rider,Male,31-50,3,No distancing,Slight Injury
2024-10-05 14:30:00,Thursday,Unknown,Male,Junior high school,5-10yr,Lorry (11-40Q),Owner,Unknown,No defect,Office areas,Two-way (divided with solid lines road marking),Tangent road with flat terrain,No junction,Asphalt roads,Dry,Daylight,Normal,Vehicle with vehicle collision,1,1,Going straight,Driver or rider,Male,18-30,2,Overturning,Slight Injury
2024-10-05 19:57:00,Saturday,31-50,Male,Elementary school,5-10yr,Pick up upto 10Q,Owner,Unknown,Unknown,Residential areas,Other,Tangent road with flat terrain,Y Shape,Asphalt roads,Wet or damp,Darkness - lights lit,Raining,Vehicle with vehicle collision,1,2,Going straight,NA,NA,NA,NA,No distancing,Serious Injury
2024-10-05 19:57:00,Saturday,31-50,Male,Unknown,5-10yr,Automobile,Governmental,2-5yrs,Unknown,Recreational areas,Undivided Two way,Tangent road with flat terrain,Y Shape,Asphalt roads,Wet or damp,Darkness - lights lit,Raining,Vehicle with vehicle collision,1,2,Going straight,Pedestrian,Male,18-30,3,Drunk driving,Serious Injury
2024-10-05 18:00:00,Monday,18-30,Male,Junior high school,5-10yr,Automobile,Owner,1-2yr,No defect,Other,Other,Tangent road with flat terrain,Y Shape,Asphalt roads,Wet or damp,Darkness - lights lit,Raining,Vehicle with vehicle collision,2,1,Going straight,Driver or rider,Female,18-30,3,Moving Backward,Slight Injury
2024-10-05 18:00:00,Monday,18-30,Male,Junior high school,5-10yr,Automobile,Owner,Above 10yr,No defect,Residential areas,Other,Tangent road with flat terrain,Y Shape,Asphalt roads,Wet or damp,Darkness - lights lit,Raining,Vehicle with vehicle collision,2,1,Going straight,Passenger,Male,5,3,No priority to pedestrian,Slight Injury
2024-10-05 13:25:00,Tuesday,Over 51,Male,Illiterate,2-5yr,Long lorry,Owner,Unknown,No defect,Other,Other,Tangent road with flat terrain,Y Shape,Asphalt roads,Dry,Daylight,Normal,Vehicle with vehicle collision,1,1,Moving Backward,NA,NA,NA,NA,Changing lane to the left,Slight Injury
2024-10-05 14:44:00,Tuesday,Over 51,Male,Junior high school,5-10yr,Long lorry,Owner,Unknown,Unknown,Other,Other,Tangent road with flat terrain,Y Shape,Asphalt roads,Dry,Daylight,Normal,Other,2,1,Going straight,Driver or rider,Male,18-30,3,Changing lane to the left,Slight Injury
2024-10-05 14:44:00,Tuesday,31-50,Male,Junior high school,Below 1yr,Automobile,Owner,5-10yrs,Unknown,Other,One way,Tangent road with flat terrain,Y Shape,Asphalt roads,Dry,Daylight,Normal,Vehicle with vehicle collision,2,1,Going straight,NA,NA,NA,NA,Getting off the vehicle improperly,Slight Injury
2024-10-05 17:13:00,Sunday,Over 51,Male,Junior high school,1-2yr,Stationwagen,Owner,Unknown,No defect,Other,Two-way (divided with broken lines road marking),Tangent road with flat terrain,No junction,Asphalt roads,Wet or damp,Daylight,Raining,Collision with roadside objects,1,2,Moving Backward,Driver or rider,Male,18-30,3,No distancing,Serious Injury
2024-10-05 17:13:00,Sunday,Over 51,Male,Elementary school,2-5yr,Other,Owner,2-5yrs,No defect,Other,Other,Tangent road with flat terrain,No junction,Asphalt roads,Wet or damp,Daylight,Raining,Vehicle with vehicle collision,1,2,Moving Backward,NA,NA,NA,NA,Changing lane to the right,Serious Injury
2024-10-05 10:45:00,Friday,31-50,Male,Elementary school,2-5yr,Other,Owner,Unknown,No defect,School areas,Undivided Two way,Tangent road with flat terrain,No junction,Asphalt roads,Dry,Daylight,Normal,Vehicle with vehicle collision,2,1,Going straight,NA,NA,NA,NA,Changing lane to the right,Slight Injury
2024-10-05 10:45:00,Friday,Over 51,Male,Elementary school,5-10yr,Special vehicle,Owner,Unknown,No defect,Office areas,Two-way (divided with broken lines road marking),Tangent road with flat terrain,No junction,Asphalt roads,Dry,Daylight,Normal,Vehicle with vehicle collision,2,1,Turnover,Driver or rider,Male,Over 51,3,Moving Backward,Slight Injury
2024-10-05 19:20:00,Monday,31-50,Male,Junior high school,5-10yr,Lorry (41-100Q),Owner,Unknown,No defect,Office areas,Two-way (divided with broken lines road marking),Tangent road with flat terrain,No junction,Asphalt roads,Wet or damp,Darkness - lights lit,Normal,Vehicle with vehicle collision,2,1,Turnover,NA,NA,NA,NA,Driving at high speed,Slight Injury
2024-10-05 19:20:00,Monday,18-30,Male,Unknown,Unknown,Pick up upto 10Q,Owner,5-10yrs,No defect,Office areas,Two-way (divided with broken lines road marking),Tangent road with flat terrain,No junction,Asphalt roads,Wet or damp,Darkness - lights lit,Normal,Vehicle with vehicle collision,2,1,Going straight,Driver or rider,Male,31-50,3,Changing lane to the left,Slight Injury
2024-10-05 00:06:00,Tuesday,Under 18,Male,Junior high school,Above 10yr,Lorry (11-40Q),Owner,Unknown,No defect,School areas,Other,Tangent road with flat terrain,No junction,Asphalt roads,Dry,Darkness - lights lit,Other,Vehicle with vehicle collision,1,1,Going straight,Driver or rider,Male,18-30,3,Changing lane to the right,Slight Injury
2024-10-05 01:15:00,Friday,Unknown,Female,Junior high school,Above 10yr,Lorry (41-100Q),Governmental,Unknown,No defect,School areas,Undivided Two way,Tangent road with flat terrain,Y Shape,Asphalt roads,Dry,Darkness - lights lit,Other,Collision with roadside objects,2,1,Going straight,NA,NA,NA,NA,No distancing,Slight Injury
2024-10-05 01:15:00,Friday,31-50,Male,Junior high school,Above 10yr,Motorcycle,Owner,Unknown,No defect,Office areas,Two-way (divided with broken lines road marking),Tangent road with flat terrain,Y Shape,Asphalt roads with some distress,Dry,Darkness - lights lit,Other,Collision with roadside objects,2,1,Going straight,Driver or rider,Male,31-50,2,Changing lane to the right,Slight Injury
2024-10-05 18:22:00,Wednesday,Unknown,Male,Junior high school,Unknown,Automobile,Owner,Unknown,No defect,Office areas,Two-way (divided with broken lines road marking),Tangent road with flat terrain,No junction,Asphalt roads,Dry,Daylight,Normal,Vehicle with vehicle collision,2,1,Going straight,NA,NA,NA,NA,Changing lane to the right,Slight Injury
2024-10-05 18:22:00,Wednesday,31-50,Male,Junior high school,5-10yr,Automobile,Governmental,Above 10yr,No defect,School areas,Two-way (divided with broken lines road marking),Tangent road with flat terrain,No junction,Asphalt roads,Dry,Daylight,Normal,Collision with roadside objects,2,1,Going straight,Driver or rider,Male,18-30,3,No distancing,Slight Injury
2024-10-05 14:45:00,Monday,31-50,Male,Junior high school,2-5yr,Automobile,Owner,1-2yr,No defect,Other,Two-way (divided with broken lines road marking),Tangent road with flat terrain,No junction,Asphalt roads,Dry,Daylight,Normal,Collision with roadside objects,1,1,Getting off,Driver or rider,Female,18-30,3,Changing lane to the right,Slight Injury
2024-10-05 10:50:00,Monday,Unknown,Male,Elementary school,5-10yr,Stationwagen,Owner,Above 10yr,No defect,Other,Two-way (divided with broken lines road marking),Tangent road with flat terrain,Y Shape,Asphalt roads,Dry,Daylight,Normal,Vehicle with vehicle collision,2,1,Moving Backward,Driver or rider,Male,18-30,3,Driving carelessly,Slight Injury
2024-10-05 10:50:00,Monday,Unknown,Female,Junior high school,2-5yr,Other,Owner,Below 1yr,No defect,Other,Undivided Two way,Tangent road with flat terrain,Y Shape,Gravel roads,Dry,Daylight,Normal,Vehicle with vehicle collision,2,1,Other,NA,NA,NA,NA,Driving carelessly,Slight Injury
2024-10-05 16:41:00,Tuesday,Unknown,Male,High school,5-10yr,Public (> 45 seats),Owner,Above 10yr,No defect,Other,Two-way (divided with broken lines road marking),Tangent road with flat terrain,Y Shape,Asphalt roads,Dry,Daylight,Normal,Collision with roadside objects,2,1,Going straight,Pedestrian,Female,31-50,3,Changing lane to the right,Slight Injury
2024-10-05 16:41:00,Tuesday,18-30,Male,Junior high school,Above 10yr,Public (> 45 seats),Owner,Unknown,No defect,Residential areas,Undivided Two way,Tangent road with flat terrain,Y Shape,Asphalt roads,Dry,Daylight,Normal,Vehicle with vehicle collision,2,1,Going straight,Pedestrian,Male,Under 18,3,Overturning,Slight Injury
2024-10-05 14:45:00,Thursday,Under 18,Male,Junior high school,2-5yr,Stationwagen,Governmental,1-2yr,No defect,Other,Undivided Two way,Tangent road with flat terrain,Y Shape,Asphalt roads,Dry,Daylight,Normal,Vehicle with vehicle collision,2,1,Going straight,Pedestrian,Male,Under 18,3,Changing lane to the right,Slight Injury
2024-10-05 14:45:00,Thursday,18-30,Male,Elementary school,2-5yr,Automobile,Owner,1-2yr,No defect,Other,Undivided Two way,Tangent road with flat terrain,Y Shape,Asphalt roads,Dry,Daylight,Normal,Vehicle with vehicle collision,2,1,Going straight,Driver or rider,Male,31-50,3,Moving Backward,Slight Injury
2024-10-05 16:55:00,Friday,Over 51,Male,High school,Above 10yr,Bicycle,Owner,Unknown,No defect,Industrial areas,Undivided Two way,Tangent road with flat terrain,No junction,Asphalt roads,Wet or damp,Darkness - lights lit,Normal,Vehicle with vehicle collision,2,2,Going straight,NA,NA,NA,NA,No distancing,Slight Injury
2024-10-05 16:55:00,Friday,18-30,Male,Elementary school,1-2yr,Automobile,Owner,Unknown,No defect,Recreational areas,Undivided Two way,Tangent road with flat terrain,No junction,Asphalt roads,Wet or damp,Darkness - lights lit,Normal,Vehicle with vehicle collision,2,2,Going straight,Pedestrian,Female,31-50,3,Overturning,Slight Injury
2024-10-05 14:40:00,Saturday,18-30,Male,Junior high school,Above 10yr,Lorry (41-100Q),Owner,Above 10yr,No defect,Church areas,Two-way (divided with broken lines road marking),Tangent road with flat terrain,Y Shape,Asphalt roads,Wet or damp,Daylight,Normal,Vehicle with vehicle collision,2,2,Going straight,Pedestrian,Male,Over 51,3,Driving carelessly,Slight Injury
2024-10-05 14:40:00,Saturday,18-30,Male,Unknown,Unknown,Automobile,Owner,Unknown,Unknown,Office areas,Two-way (divided with broken lines road marking),Tangent road with flat terrain,Y Shape,Asphalt roads,Wet or damp,Daylight,Normal,Collision with pedestrians,2,2,Going straight,Driver or rider,Male,31-50,3,Changing lane to the right,Slight Injury
2024-10-05 11:05:00,Friday,31-50,Male,Junior high school,5-10yr,Public (13-45 seats),Owner,Unknown,Unknown,Other,Two-way (divided with broken lines road marking),Tangent road with flat terrain,T Shape,Asphalt roads,Dry,Daylight,Normal,Vehicle with vehicle collision,3,1,Going straight,NA,NA,NA,NA,Driving at high speed,Slight Injury
2024-10-05 11:05:00,Friday,31-50,Male,Above high school,5-10yr,Special vehicle,Owner,Unknown,Unknown,Office areas,Undivided Two way,Tangent road with flat terrain,T Shape,Asphalt roads,Dry,Daylight,Normal,Collision with roadside objects,3,1,Going straight,Pedestrian,Male,31-50,2,Changing lane to the left,Slight Injury
2024-10-05 11:05:00,Friday,Unknown,Female,Junior high school,5-10yr,Automobile,Owner,Unknown,Unknown,Office areas,Two-way (divided with broken lines road marking),Tangent road with flat terrain,T Shape,Asphalt roads,Dry,Daylight,Normal,Vehicle with vehicle collision,3,1,Going straight,Pedestrian,Male,Under 18,3,Driving carelessly,Slight Injury
2024-10-05 17:23:00,Thursday,Under 18,Male,Junior high school,Above 10yr,Public (13-45 seats),Owner,Unknown,Unknown,Other,Two-way (divided with broken lines road marking),Tangent road with flat terrain,T Shape,Asphalt roads,Dry,Darkness - lights lit,Normal,Vehicle with vehicle collision,2,1,Going straight,NA,NA,NA,NA,No distancing,Slight Injury
2024-10-05 17:23:00,Thursday,18-30,Male,Junior high school,1-2yr,Other,Owner,Above 10yr,Unknown,Residential areas,Undivided Two way,Tangent road with flat terrain,T Shape,Asphalt roads,Dry,Darkness - lights lit,Normal,Vehicle with vehicle collision,2,1,Moving Backward,Driver or rider,Male,31-50,3,Moving Backward,Slight Injury
2024-10-05 09:15:00,Tuesday,31-50,Male,Junior high school,2-5yr,Lorry (41-100Q),Owner,Above 10yr,Unknown,Office areas,Other,Tangent road with mountainous terrain and,Y Shape,Asphalt roads,Dry,Daylight,Normal,Vehicle with vehicle collision,2,1,Going straight,NA,NA,NA,NA,No priority to pedestrian,Slight Injury
2024-10-05 09:15:00,Tuesday,31-50,Male,Junior high school,Below 1yr,Lorry (41-100Q),Owner,Above 10yr,No defect,Residential areas,Other,Tangent road with flat terrain,Y Shape,Asphalt roads,Dry,Daylight,Normal,Vehicle with vehicle collision,2,1,Moving Backward,Driver or rider,Male,18-30,3,Moving Backward,Slight Injury
2024-10-05 12:40:00,Wednesday,31-50,Male,Junior high school,Above 10yr,Public (12 seats),Other,Unknown,Unknown,School areas,Two-way (divided with broken lines road marking),Tangent road with flat terrain,Y Shape,Asphalt roads,Wet or damp,Daylight,Raining,Vehicle with vehicle collision,2,1,Moving Backward,Passenger,Male,Over 51,3,Moving Backward,Slight Injury
2024-10-05 12:40:00,Wednesday,Over 51,Male,Junior high school,1-2yr,Lorry (41-100Q),Owner,Above 10yr,No defect,Office areas,Two-way (divided with broken lines road marking),Sharp reverse curve,Y Shape,Asphalt roads,Wet or damp,Daylight,Raining,Vehicle with vehicle collision,2,1,Going straight,Driver or rider,Male,18-30,3,Overtaking,Slight Injury
2024-10-05 04:30:00,Saturday,Unknown,Female,Above high school,5-10yr,Lorry (41-100Q),Owner,5-10yrs,No defect,Other,Other,Tangent road with flat terrain,Y Shape,Asphalt roads,Dry,Darkness - lights lit,Normal,Vehicle with vehicle collision,2,1,Going straight,NA,NA,NA,NA,Changing lane to the left,Slight Injury
2024-10-05 04:30:00,Saturday,31-50,Male,Junior high school,5-10yr,Public (12 seats),Owner,Above 10yr,No defect,Other,Undivided Two way,Tangent road with flat terrain,Y Shape,Asphalt roads,Dry,Darkness - lights lit,Normal,Vehicle with vehicle collision,2,1,Going straight,Driver or rider,Male,18-30,3,Changing lane to the right,Slight Injury
2024-10-05 17:52:00,Saturday,18-30,Male,Elementary school,Below 1yr,Public (> 45 seats),Owner,Above 10yr,No defect,Church areas,Other,Tangent road with flat terrain,Other,Asphalt roads,Dry,Darkness - lights lit,Normal,Collision with roadside objects,3,2,Going straight,NA,NA,NA,NA,Overtaking,Slight Injury
2024-10-05 17:52:00,Saturday,18-30,Male,Unknown,Unknown,Automobile,Owner,Unknown,No defect,Office areas,Two-way (divided with broken lines road marking),Tangent road with flat terrain,Other,Earth roads,Dry,Darkness - lights lit,Normal,Vehicle with vehicle collision,3,2,Going straight,Passenger,Female,Over 51,3,Overloading,Slight Injury
2024-10-05 17:52:00,Saturday,31-50,Male,Junior high school,Above 10yr,Pick up upto 10Q,Owner,Unknown,No defect,Other,Two-way (divided with broken lines road marking),Tangent road with flat terrain,Other,Asphalt roads,Dry,Darkness - lights lit,Normal,Collision with roadside objects,3,2,Going straight,Passenger,Male,Under 18,3,Other,Slight Injury
2024-10-05 23:39:00,Sunday,18-30,Male,Junior high school,Unknown,Stationwagen,Owner,Unknown,No defect,Office areas,Two-way (divided with broken lines road marking),Tangent road with mild grade and flat terrain,No junction,Asphalt roads,Dry,Darkness - lights lit,Normal,Vehicle with vehicle collision,2,1,Other,NA,NA,NA,NA,No priority to vehicle,Serious Injury
2024-10-05 23:39:00,Sunday,31-50,Male,Junior high school,1-2yr,Other,Owner,Unknown,No defect,Office areas,Two-way (divided with broken lines road marking),Tangent road with flat terrain,No junction,Asphalt roads,Dry,Darkness - lights lit,Normal,Vehicle with vehicle collision,2,1,Other,Driver or rider,Male,18-30,3,Changing lane to the right,Serious Injury
2024-10-05 14:43:00,Thursday,Unknown,Male,Junior high school,2-5yr,Other,Owner,Above 10yr,No defect,Office areas,Two-way (divided with broken lines road marking),Sharp reverse curve,No junction,Asphalt roads,Dry,Daylight,Normal,Other,2,1,Going straight,Pedestrian,Male,31-50,3,Moving Backward,Slight Injury
2024-10-05 14:43:00,Thursday,31-50,Male,Unknown,Unknown,Automobile,Owner,Above 10yr,No defect,Church areas,Undivided Two way,Sharp reverse curve,No junction,Asphalt roads,Dry,Daylight,Normal,Collision with pedestrians,2,1,Other,Pedestrian,Male,18-30,2,Changing lane to the left,Slight Injury