Time,Day_of_week,Age_band_of_driver,Sex_of_driver,Educational_level,Driving_experience,Type_of_vehicle,Owner_of_vehicle,Service_year_of_vehicle,Defect_of_vehicle,Area_accident_occured,Lanes_or_Medians,Road_allignment,Types_of_Junction,Road_surface_type,Road_surface_conditions,Light_conditions,Weather_conditions,Type_of_collision,Number_of_vehicles_involved,Number_of_casualties,Vehicle_movement,Casualty_class,Sex_of_casualty,Age_band_of_casualty,Casualty_severity,Cause_of_accident,Accident_severity
2024-10-05 07:25:00,Thursday,31-50,Male,Junior high school,Below 1yr,Pick up upto 10Q,Owner,Unknown,Unknown,Other,Other,Tangent road with flat terrain,Crossing,Asphalt roads,Dry,Daylight,Normal,Collision with roadside objects,2,1,Other,Pedestrian,Female,Under 18,3,Overtaking,Slight Injury
2024-10-05 17:19:00,Thursday,Unknown,Male,Elementary school,Below 1yr,Public (13-45 seats),Owner,Unknown,Unknown,Office areas,Double carriageway (median),Tangent road with flat terrain,No junction,Asphalt roads,Dry,Daylight,Normal,Collision with pedestrians,3,4,Going straight,NA,NA,NA,NA,Changing lane to the left,Slight Injury
2024-10-05 17:19:00,Thursday,Unknown,Female,Junior high school,Below 1yr,Automobile,Owner,Unknown,No defect,Office areas,Two-way (divided with broken lines road marking),Tangent road with flat terrain,No junction,Asphalt roads,Dry,Daylight,Normal,Vehicle with vehicle collision,3,4,Going straight,Driver or rider,Male,18-30,3,Driving under the influence of drugs,Slight Injury
2024-10-05 17:19:00,Thursday,18-30,Male,Junior high school,5-10yr,Pick up upto 10Q,Owner,5-10yrs,Unknown,Office areas,Undivided Two way,Tangent road with flat terrain,No junction,Gravel roads,Dry,Daylight,Normal,Vehicle with vehicle collision,3,4,Going straight,Pedestrian,Male,Over 51,2,Driving carelessly,Slight Injury
2024-10-05 17:19:00,Thursday,18-30,Male,Junior high school,5-10yr,Automobile,Owner,Unknown,Unknown,Other,Undivided Two way,Tangent road with flat terrain,No junction,Asphalt roads,Dry,Daylight,Normal,Vehicle with vehicle collision,3,4,Going straight,Pedestrian,Female,5,3,Moving Backward,Slight Injury
2024-10-05 17:19:00,Thursday,18-30,Male,High school,5-10yr,Lorry (41-100Q),Owner,Unknown,No defect,Other,Undivided Two way,Tangent road with flat terrain,No junction,Asphalt roads,Dry,Daylight,Normal,Vehicle with vehicle collision,3,4,Going straight,Passenger,Female,Over 51,3,No distancing,Slight Injury
2024-10-05 17:19:00,Thursday,18-30,Male,Junior high school,5-10yr,Automobile,Owner,Unknown,No defect,Recreational areas,Undivided Two way,Tangent road with flat terrain,No junction,Asphalt roads,Dry,Daylight,Normal,Vehicle with vehicle collision,3,4,Going straight,Passenger,Female,31-50,3,No priority to vehicle,Slight Injury
2024-10-05 10:30:00,Monday,31-50,Male,Junior high school,2-5yr,Lorry (41-100Q),Owner,Unknown,No defect,Church areas,Undivided Two way,Tangent road with flat terrain,Other,Asphalt roads,Dry,Daylight,Normal,Vehicle with vehicle collision,2,1,Moving Backward,Pedestrian,Female,18-30,3,Overturning,Slight Injury
2024-10-05 10:30:00,Monday,Under 18,Male,Elementary school,5-10yr,Lorry (41-100Q),Other,1-2yr,No defect,Recreational areas,Other,Tangent road with flat terrain,Other,Asphalt roads,Dry,Daylight,Normal,Vehicle with vehicle collision,2,1,Going straight,Driver or rider,Male,Under 18,3,Changing lane to the left,Slight Injury
2024-10-05 09:53:00,Monday,Over 51,Male,Junior high school,2-5yr,Lorry (41-100Q),Owner,5-10yrs,No defect,School areas,Other,Tangent road with flat terrain,Y Shape,Asphalt roads,Dry,Daylight,Normal,Collision with roadside objects,2,2,Going straight,NA,NA,NA,NA,No distancing,Slight Injury
2024-10-05 09:53:00,Monday,31-50,Male,Junior high school,Below 1yr,Public (13-45 seats),Owner,Unknown,No defect,Church areas,Double carriageway (median),Tangent road with flat terrain,Y Shape,Asphalt roads,Dry,Daylight,Normal,Rollover,2,2,Going straight,NA,NA,NA,NA,Moving Backward,Slight Injury
2024-10-05 17:10:00,Thursday,Over 51,Male,Elementary school,2-5yr,Automobile,Owner,5-10yrs,Unknown,Office areas,Other,Tangent road with flat terrain,Other,Asphalt roads,Dry,Daylight,Normal,Vehicle with vehicle collision,2,1,Going straight,Driver or rider,Female,31-50,3,No priority to vehicle,Slight Injury
2024-10-05 17:10:00,Thursday,31-50,Male,Junior high school,2-5yr,Other,Owner,2-5yrs,Unknown,Residential areas,One way,Steep grade downward with mountainous terrain,Other,Asphalt roads,Dry,Daylight,Normal,Collision with pedestrians,2,1,Going straight,NA,NA,NA,NA,No priority to vehicle,Slight Injury
2024-10-05 14:06:00,Wednesday,Unknown,Male,Junior high school,2-5yr,Other,Owner,Unknown,No defect,Other,One way,Tangent road with flat terrain,Y Shape,Asphalt roads,Dry,Daylight,Normal,Vehicle with vehicle collision,2,1,Going straight,Passenger,Female,Over 51,3,No distancing,Slight Injury
2024-10-05 14:06:00,Wednesday,31-50,Male,Junior high school,5-10yr,Other,Owner,Unknown,No defect,Other,Undivided Two way,Tangent road with flat terrain,Y Shape,Asphalt roads,Dry,Daylight,Normal,Vehicle with vehicle collision,2,1,Going straight,NA,NA,NA,NA,No distancing,Slight Injury
2024-10-05 21:09:00,Saturday,31-50,Male,Junior high school,5-10yr,Automobile,Governmental,1-2yr,No defect,Industrial areas,One way,Tangent road with flat terrain,Y Shape,Asphalt roads,Dry,Daylight,Normal,Collision with pedestrians,1,1,Going straight,Driver or rider,Male,Under 18,3,Overtaking,Slight Injury
2024-10-05 19:21:00,Saturday,18-30,Male,Junior high school,Unknown,Other,Governmental,1-2yr,No defect,Church areas,Other,Steep grade downward with mountainous terrain,Crossing,Asphalt roads,Dry,Daylight,Normal,Collision with pedestrians,3,1,Going straight,Passenger,Female,Under 18,3,Driving under the influence of drugs,Slight Injury
2024-10-05 19:21:00,Saturday,Over 51,Male,Junior high school,5-10yr,Lorry (41-100Q),Organization,1-2yr,No defect,Office areas,Other,Tangent road with flat terrain,Crossing,Asphalt roads,Dry,Daylight,Normal,Vehicle with vehicle collision,3,1,Going straight,Passenger,Female,18-30,3,Changing lane to the right,Slight Injury
2024-10-05 19:21:00,Saturday,31-50,Male,Junior high school,2-5yr,Public (12 seats),Owner,Unknown,No defect,Office areas,Undivided Two way,Tangent road with flat terrain,Crossing,Gravel roads,Dry,Daylight,Normal,Vehicle with vehicle collision,3,1,Going straight,Driver or rider,Male,Under 18,3,Changing lane to the left,Slight Injury
2024-10-05 19:52:00,Wednesday,18-30,Male,Junior high school,Below 1yr,Lorry (41-100Q),Owner,Unknown,Unknown,Office areas,Double carriageway (median),Tangent road with flat terrain,No junction,Asphalt roads,Dry,Daylight,Normal,Vehicle with vehicle collision,2,1,Going straight,NA,NA,NA,NA,Driving carelessly,Slight Injury
2024-10-05 19:52:00,Wednesday,Over 51,Male,Junior high school,1-2yr,Public (12 seats),Owner,2-5yrs,Unknown,Other,Two-way (divided with broken lines road marking),Tangent road with flat terrain,No junction,Asphalt roads,Dry,Daylight,Normal,Vehicle with vehicle collision,2,1,Other,NA,NA,NA,NA,Moving Backward,Slight Injury
2024-10-05 03:19:00,Saturday,Under 18,Male,Junior high school,Below 1yr,Lorry (41-100Q),Owner,Unknown,Unknown,Office areas,Undivided Two way,Tangent road with flat terrain,No junction,Asphalt roads,Wet or damp,Darkness - lights lit,Normal,Vehicle with vehicle collision,1,2,Going straight,Driver or rider,Female,18-30,3,Moving Backward,Slight Injury
2024-10-05 03:19:00,Saturday,Under 18,Male,Junior high school,Above 10yr,Other,Owner,Unknown,No defect,Other,Double carriageway (median),Tangent road with flat terrain,No junction,Asphalt roads,Wet or damp,Darkness - lights lit,Normal,Collision with roadside objects,1,2,Going straight,Driver or rider,Male,18-30,3,Changing lane to the right,Slight Injury
2024-10-05 13:05:00,Thursday,Unknown,Female,Junior high school,Below 1yr,Lorry (41-100Q),Owner,Above 10yr,No defect,Industrial areas,Two-way (divided with broken lines road marking),Tangent road with flat terrain,Y Shape,Earth roads,Dry,Daylight,Other,Vehicle with vehicle collision,2,1,Going straight,NA,NA,NA,NA,No priority to vehicle,Slight Injury
2024-10-05 13:05:00,Thursday,18-30,Male,Junior high school,2-5yr,Other,Owner,Unknown,No defect,Residential areas,Other,Tangent road with flat terrain,Y Shape,Asphalt roads,Dry,Daylight,Other,Vehicle with vehicle collision,2,1,Going straight,Driver or rider,Male,18-30,3,Driving at high speed,Slight Injury
2024-10-05 07:10:00,Tuesday,Over 51,Male,Junior high school,1-2yr,Public (> 45 seats),Owner,Unknown,No defect,Other,Two-way (divided with broken lines road marking),Tangent road with flat terrain,Crossing,Asphalt roads,Dry,Daylight,Normal,Vehicle with vehicle collision,2,1,Going straight,NA,NA,NA,NA,Driving under the influence of drugs,Slight Injury
2024-10-05 07:10:00,Tuesday,18-30,Male,Elementary school,5-10yr,Lorry (41-100Q),Owner,5-10yrs,Unknown,Other,One way,Tangent road with flat terrain,Crossing,Other,Dry,Daylight,Normal,Vehicle with vehicle collision,2,1,Going straight,NA,NA,NA,NA,Changing lane to the right,Slight Injury
2024-10-05 11:45:00,Sunday,18-30,Male,Junior high school,Below 1yr,Other,Owner,1-2yr,No defect,Other,One way,Tangent road with flat terrain,No junction,Gravel roads,Dry,Daylight,Normal,Vehicle with vehicle collision,2,3,Going straight,Driver or rider,Female,18-30,3,Driving carelessly,Slight Injury
2024-10-05 11:45:00,Sunday,18-30,Male,Junior high school,Below 1yr,Other,Owner,Unknown,Unknown,Other,Undivided Two way,Tangent road with flat terrain,No junction,Asphalt roads,Dry,Daylight,Normal,Vehicle with vehicle collision,2,3,Other,Driver or rider,Male,18-30,3,No distancing,Slight Injury
2024-10-05 11:45:00,Sunday,18-30,Male,Writing & reading,Below 1yr,Automobile,Other,Unknown,Unknown,Other,Two-way (divided with broken lines road marking),Tangent road with flat terrain,No junction,Other,Dry,Daylight,Normal,Vehicle with vehicle collision,2,3,Going straight,NA,NA,NA,NA,Changing lane to the left,Slight Injury
2024-10-05 11:45:00,Sunday,18-30,Male,Junior high school,1-2yr,Lorry (41-100Q),Governmental,Below 1yr,No defect,Residential areas,Other,Steep grade downward with mountainous terrain,No junction,Asphalt roads,Dry,Daylight,Normal,Vehicle with vehicle collision,2,3,Going straight,Pedestrian,Female,18-30,3,No distancing,Slight Injury
2024-10-05 22:10:00,Monday,18-30,Male,Elementary school,5-10yr,Pick up upto 10Q,Owner,Unknown,No defect,Office areas,Two-way (divided with broken lines road marking),Tangent road with flat terrain,Y Shape,Earth roads,Dry,Darkness - lights lit,Normal,Vehicle with vehicle collision,2,1,Going straight,NA,NA,NA,NA,No distancing,Slight Injury
2024-10-05 22:10:00,Monday,18-30,Male,Junior high school,2-5yr,Automobile,Owner,Unknown,Unknown,Office areas,Two-way (divided with broken lines road marking),Tangent road with flat terrain,Y Shape,Asphalt roads,Dry,Darkness - lights lit,Normal,Vehicle with vehicle collision,2,1,Going straight,Driver or rider,Male,18-30,3,Getting off the vehicle improperly,Slight Injury
2024-10-05 23:44:00,Monday,Unknown,Male,Junior high school,Below 1yr,Other,Owner,Unknown,No defect,Other,Two-way (divided with broken lines road marking),Tangent road with flat terrain,Y Shape,Asphalt roads,Dry,Darkness - lights lit,Normal,Vehicle with vehicle collision,2,1,Going straight,NA,NA,NA,NA,Overtaking,Slight Injury
2024-10-05 23:44:00,Monday,18-30,Male,Writing & reading,5-10yr,Other,Owner,Above 10yr,No defect,Other,One way,Tangent road with flat terrain,Y Shape,Asphalt roads,Dry,Darkness - lights lit,Normal,Vehicle with vehicle collision,2,1,Going straight,Passenger,Female,18-30,3,Driving carelessly,Slight Injury
2024-10-05 08:05:00,Tuesday,Unknown,Male,Writing & reading,5-10yr,Automobile,Owner,Unknown,No defect,Office areas,Two-way (divided with broken lines road marking),Tangent road with flat terrain,Y Shape,Asphalt roads,Dry,Daylight,Normal,Vehicle with vehicle collision,4,2,Going straight,NA,NA,NA,NA,Driving under the influence of drugs,Slight Injury
2024-10-05 08:05:00,Tuesday,18-30,Male,Junior high school,5-10yr,Stationwagen,Owner,2-5yrs,Unknown,Office areas,Undivided Two way,Tangent road with flat terrain,Y Shape,Asphalt roads,Dry,Daylight,Normal,Vehicle with vehicle collision,4,2,Going straight,NA,NA,NA,NA,Moving Backward,Slight Injury
2024-10-05 08:05:00,Tuesday,18-30,Male,Junior high school,2-5yr,Other,Owner,Unknown,No defect,Other,Two-way (divided with broken lines road marking),Tangent road with flat terrain,Y Shape,Earth roads,Dry,Daylight,Normal,Vehicle with vehicle collision,4,2,Going straight,Driver or rider,Male,18-30,3,Overturning,Slight Injury
2024-10-05 08:05:00,Tuesday,31-50,Male,Junior high school,Above 10yr,Other,Owner,Unknown,No defect,Other,Two-way (divided with broken lines road marking),Tangent road with flat terrain,Y Shape,Asphalt roads,Dry,Daylight,Normal,Collision with roadside objects,4,2,Moving Backward,Pedestrian,Male,31-50,3,Driving under the influence of drugs,Slight Injury
2024-10-05 17:31:00,Thursday,Unknown,Male,Junior high school,5-10yr,Ridden horse,Governmental,Unknown,Unknown,Residential areas,Two-way (divided with broken lines road marking),Tangent road with flat terrain,Y Shape,Asphalt roads,Dry,Daylight,Normal,Vehicle with vehicle collision,2,1,Going straight,Passenger,Male,Under 18,3,Changing lane to the right,Slight Injury
2024-10-05 17:31:00,Thursday,Under 18,Male,Junior high school,Above 10yr,Other,Owner,1-2yr,No defect,Other,Undivided Two way,Tangent road with flat terrain,Y Shape,Asphalt roads,Dry,Daylight,Normal,Vehicle with vehicle collision,2,1,Going straight,Driver or rider,Male,18-30,3,Changing lane to the left,Slight Injury
2024-10-05 08:39:00,Thursday,Over 51,Male,Junior high school,2-5yr,Other,Owner,Unknown,No defect,Office areas,Undivided Two way,Tangent road with flat terrain,No junction,Asphalt roads,Dry,Daylight,Normal,Vehicle with vehicle collision,2,1,Going straight,NA,NA,NA,NA,No distancing,Slight Injury
2024-10-05 08:39:00,Thursday,31-50,Male,Junior high school,Below 1yr,Lorry (41-100Q),Owner,2-5yrs,No defect,Office areas,Undivided Two way,Tangent road with flat terrain,No junction,Asphalt roads,Dry,Daylight,Normal,Vehicle with vehicle collision,2,1,Going straight,Driver or rider,Male,18-30,3,No distancing,Slight Injury
2024-10-05 11:14:00,Friday,Over 51,Male,Junior high school,Below 1yr,Lorry (41-100Q),Other,Unknown,Unknown,Other,Undivided Two way,Tangent road with flat terrain,Crossing,Asphalt roads,Dry,Daylight,Normal,Collision with pedestrians,2,1,Moving Backward,Driver or rider,Male,18-30,3,No priority to vehicle,Slight Injury
2024-10-05 11:14:00,Friday,31-50,Male,Junior high school,5-10yr,Lorry (41-100Q),Owner,Unknown,Unknown,Other,Other,Tangent road with flat terrain,Crossing,Asphalt roads,Dry,Daylight,Normal,Vehicle with vehicle collision,2,1,Going straight,Passenger,Male,31-50,3,Moving Backward,Slight Injury
2024-10-05 12:58:00,Friday,18-30,Male,Junior high school,2-5yr,Stationwagen,Owner,Above 10yr,Unknown,Other,Undivided Two way,Tangent road with flat terrain,Other,Asphalt roads,Dry,Daylight,Normal,Vehicle with vehicle collision,2,2,Other,Passenger,Male,31-50,3,Moving Backward,Slight Injury
2024-10-05 12:58:00,Friday,31-50,Male,Elementary school,Below 1yr,Lorry (41-100Q),Owner,Unknown,No defect,Office areas,Other,Tangent road with flat terrain,Other,Asphalt roads,Dry,Daylight,Normal,Vehicle with vehicle collision,2,2,Other,NA,NA,NA,NA,Getting off the vehicle improperly,Slight Injury
2024-10-05 02:05:00,Sunday,18-30,Male,Junior high school,2-5yr,Automobile,Owner,Above 10yr,No defect,Office areas,Two-way (divided with broken lines road marking),Tangent road with flat terrain,Y Shape,Asphalt roads,Dry,Darkness - lights lit,Normal,Vehicle with vehicle collision,2,1,Going straight,Passenger,Female,31-50,3,Changing lane to the left,Serious Injury
2024-10-05 02:05:00,Sunday,18-30,Male,Junior high school,5-10yr,Automobile,Owner,Unknown,No defect,Other,Two-way (divided with broken lines road marking),Steep grade downward with mountainous terrain,Y Shape,Asphalt roads,Dry,Darkness - lights lit,Normal,Vehicle with vehicle collision,2,1,Going straight,Driver or rider,Male,31-50,3,Changing lane to the left,Serious Injury
2024-10-05 16:00:00,Thursday,31-50,Male,High school,Above 10yr,Pick up upto 10Q,Owner,Above 10yr,No defect,Church areas,Other,Tangent road with flat terrain,No junction,Earth roads,Dry,Daylight,Normal,Vehicle with vehicle collision,1,1,Going straight,NA,NA,NA,NA,No priority to vehicle,Slight Injury
2024-10-05 15:15:00,Monday,Under 18,Male,High school,Above 10yr,Taxi,Governmental,Unknown,No defect,Industrial areas,Undivided Two way,Tangent road with flat terrain,No junction,Asphalt roads,Dry,Daylight,Normal,Vehicle with vehicle collision,1,2,Going straight,Driver or rider,Male,31-50,2,Changing lane to the right,Slight Injury
2024-10-05 15:15:00,Monday,Under 18,Male,Junior high school,5-10yr,Other,Organization,2-5yrs,Unknown,Other,Undivided Two way,Tangent road with flat terrain,No junction,Asphalt roads,Dry,Daylight,Normal,Vehicle with vehicle collision,1,2,Other,Driver or rider,Male,31-50,3,Changing lane to the right,Slight Injury
2024-10-05 17:34:00,Saturday,Unknown,Male,Elementary school,1-2yr,Automobile,Owner,5-10yrs,No defect,Other,Two-way (divided with broken lines road marking),Tangent road with flat terrain,Y Shape,Asphalt roads,Dry,Daylight,Normal,Collision with pedestrians,2,1,Going straight,NA,NA,NA,NA,Driving carelessly,Slight Injury
2024-10-05 17:34:00,Saturday,18-30,Male,Elementary school,5-10yr,Other,Owner,1-2yr,Unknown,Office areas,Undivided Two way,Tangent road with mountainous terrain and,Y Shape,Asphalt roads,Dry,Daylight,Normal,Vehicle with vehicle collision,2,1,Getting off,Driver or rider,Male,31-50,3,Changing lane to the left,Slight Injury
2024-10-05 18:40:00,Saturday,18-30,Male,Junior high school,5-10yr,Long lorry,Owner,Unknown,No defect,Other,One way,Tangent road with flat terrain,No junction,Other,Dry,Daylight,Normal,Vehicle with vehicle collision,1,1,Going straight,Driver or rider,Female,31-50,3,Changing lane to the right,Slight Injury
2024-10-05 14:26:00,Wednesday,Over 51,Male,Junior high school,1-2yr,Public (12 seats),Owner,Unknown,No defect,Recreational areas,Undivided Two way,Steep grade downward with mountainous terrain,Crossing,Gravel roads,Dry,Daylight,Normal,Vehicle with vehicle collision,2,1,Going straight,NA,NA,NA,NA,Driving under the influence of drugs,Serious Injury
2024-10-05 14:26:00,Wednesday,18-30,Male,Junior high school,5-10yr,Pick up upto 10Q,Governmental,Unknown,No defect,Other,Two-way (divided with broken lines road marking),Steep grade downward with mountainous terrain,Crossing,Gravel roads,Dry,Daylight,Normal,Vehicle with vehicle collision,2,1,Going straight,Driver or rider,Male,31-50,3,Driving carelessly,Serious Injury
2024-10-05 14:05:00,Thursday,18-30,Male,High school,Above 10yr,Other,Governmental,5-10yrs,No defect,Church areas,Two-way (divided with broken lines road marking),Tangent road with flat terrain,Y Shape,Asphalt roads,Dry,Daylight,Other,Collision with roadside objects,2,1,Going straight,Pedestrian,Female,5,3,No distancing,Slight Injury
2024-10-05 14:05:00,Thursday,18-30,Male,Unknown,Below 1yr,Other,Owner,Unknown,Unknown,Residential areas,Undivided Two way,Tangent road with flat terrain,Y Shape,Asphalt roads,Dry,Daylight,Other,Vehicle with vehicle collision,2,1,Going straight,Driver or rider,Male,31-50,3,No priority to vehicle,Slight Injury
2024-10-05 17:23:00,Thursday,Unknown,Female,Writing & reading,5-10yr,Lorry (41-100Q),Owner,5-10yrs,No defect,Office areas,Two-way (divided with broken lines road marking),Other,Y Shape,Earth roads,Dry,Daylight,Normal,Vehicle with vehicle collision,2,1,Going straight,NA,NA,NA,NA,No priority to vehicle,Slight Injury
2024-10-05 17:23:00,Thursday,18-30,Male,Above high school,Above 10yr,Automobile,Owner,2-5yrs,No defect,Other,Two-way (divided with broken lines road marking),Tangent road with flat terrain,Y Shape,Asphalt roads,Dry,Daylight,Normal,Vehicle with vehicle collision,2,1,Moving Backward,NA,NA,NA,NA,No priority to vehicle,Slight Injury
2024-10-05 12:05:00,Tuesday,31-50,Male,High school,Below 1yr,Pick up upto 10Q,Governmental,2-5yrs,Unknown,Office areas,Undivided Two way,Tangent road with flat terrain,Y Shape,Asphalt roads,Dry,Daylight,Normal,Vehicle with vehicle collision,2,1,Going straight,Driver or rider,Male,18-30,3,Changing lane to the left,Slight Injury
2024-10-05 12:05:00,Tuesday,18-30,Male,Junior high school,1-2yr,Lorry (41-100Q),Owner,Unknown,Unknown,Office areas,Other,Tangent road with flat terrain,Y Shape,Asphalt roads,Dry,Daylight,Normal,Vehicle with vehicle collision,2,1,Other,NA,NA,NA,NA,Moving Backward,Slight Injury
2024-10-05 15:40:00,Friday,Over 51,Male,Junior high school,Above 10yr,Lorry (41-100Q),Owner,Unknown,No defect,Other,One way,Escarpments,Y Shape,Asphalt roads,Dry,Daylight,Normal,Vehicle with vehicle collision,2,1,Going straight,Driver or rider,Male,31-50,3,Driving carelessly,Slight Injury
2024-10-05 15:40:00,Friday,31-50,Male,Junior high school,Above 10yr,Long lorry,Owner,Unknown,No defect,Residential areas,Undivided Two way,Tangent road with flat terrain,Y Shape,Earth roads,Dry,Daylight,Normal,Vehicle with vehicle collision,2,1,Going straight,NA,NA,NA,NA,Driving under the influence of drugs,Slight Injury
2024-10-05 22:40:00,Tuesday,31-50,Male,Junior high school,Above 10yr,Public (> 45 seats),Owner,Unknown,No defect,Recreational areas,One way,Tangent road with flat terrain,No junction,Asphalt roads,Dry,Darkness - lights lit,Normal,Collision with roadside objects,7,1,Going straight,NA,NA,NA,NA,Changing lane to the right,Slight Injury
2024-10-05 22:40:00,Tuesday,Unknown,Female,Junior high school,No Licence,Public (> 45 seats),Owner,Unknown,No defect,Church areas,Undivided Two way,Tangent road with flat terrain,No junction,Asphalt roads,Dry,Darkness - lights lit,Normal,Vehicle with vehicle collision,7,1,Going straight,NA,NA,NA,NA,No priority to vehicle,Slight Injury
2024-10-05 22:40:00,Tuesday,Unknown,Male,Junior high school,1-2yr,Automobile,Owner,Unknown,No defect,Other,One way,Tangent road with flat terrain,No junction,Asphalt roads,Dry,Darkness - lights lit,Normal,Vehicle with vehicle collision,7,1,Other,Passenger,Male,18-30,3,Changing lane to the right,Slight Injury
2024-10-05 22:40:00,Tuesday,Unknown,Male,Illiterate,1-2yr,Automobile,Owner,Unknown,No defect,Other,Undivided Two way,Tangent road with flat terrain,No junction,Asphalt roads,Dry,Darkness - lights lit,Normal,Vehicle with vehicle collision,7,1,Moving Backward,NA,NA,NA,NA,Driving to the left,Slight Injury
2024-10-05 22:40:00,Tuesday,Unknown,Male,Junior high school,Below 1yr,Automobile,Owner,Unknown,No defect,Other,Two-way (divided with broken lines road marking),Tangent road with flat terrain,No junction,Asphalt roads,Dry,Darkness - lights lit,Normal,Vehicle with vehicle collision,7,1,Other,Pedestrian,Female,Over 51,2,Moving Backward,Slight Injury
2024-10-05 22:40:00,Tuesday,Unknown,Male,Junior high school,1-2yr,Other,Governmental,Unknown,No defect,Residential areas,Other,Tangent road with flat terrain,No junction,Asphalt roads,Dry,Darkness - lights lit,Normal,Rollover,7,1,Going straight,Pedestrian,Female,18-30,3,No priority to vehicle,Slight Injury
2024-10-05 22:40:00,Tuesday,Unknown,Female,Junior high school,2-5yr,Public (12 seats),Owner,Above 10yr,No defect,School areas,Other,Tangent road with flat terrain,No junction,Asphalt roads,Dry,Darkness - lights lit,Normal,Vehicle with vehicle collision,7,1,Going straight,Pedestrian,Male,18-30,3,No distancing,Slight Injury
2024-10-05 18:35:00,Monday,18-30,Male,Unknown,5-10yr,Automobile,Owner,Above 10yr,No defect,Church areas,Two-way (divided with broken lines road marking),Tangent road with flat terrain,Other,Asphalt roads,Dry,Daylight,Normal,Vehicle with vehicle collision,2,2,Other,Driver or rider,Male,31-50,3,Driving carelessly,Slight Injury
2024-10-05 18:35:00,Monday,Over 51,Male,Unknown,Above 10yr,Stationwagen,Owner,Above 10yr,No defect,Other,Other,Tangent road with flat terrain,Other,Asphalt roads,Dry,Daylight,Normal,Collision with roadside objects,2,2,Going straight,NA,NA,NA,NA,Changing lane to the left,Slight Injury
2024-10-05 16:00:00,Tuesday,31-50,Male,Junior high school,2-5yr,Automobile,Owner,Below 1yr,Unknown,Other,Two-way (divided with broken lines road marking),Tangent road with flat terrain,No junction,Asphalt roads,Dry,Daylight,Normal,Vehicle with vehicle collision,3,1,Going straight,Driver or rider,Male,18-30,3,No priority to vehicle,Slight Injury
2024-10-05 16:00:00,Tuesday,31-50,Male,Elementary school,Above 10yr,Automobile,Owner,2-5yrs,Unknown,Office areas,Undivided Two way,Tangent road with flat terrain,No junction,Earth roads,Dry,Daylight,Normal,Vehicle with vehicle collision,3,1,Going straight,Driver or rider,Male,18-30,3,No priority to vehicle,Slight Injury
2024-10-05 16:00:00,Tuesday,Unknown,Male,Writing & reading,5-10yr,Automobile,Owner,2-5yrs,Unknown,Office areas,Two-way (divided with broken lines road marking),Tangent road with flat terrain,No junction,Asphalt roads,Dry,Daylight,Normal,Vehicle with vehicle collision,3,1,Going straight,Driver or rider,Male,Under 18,3,No distancing,Slight Injury
2024-10-05 18:42:00,Friday,Unknown,Male,Unknown,Unknown,Other,Owner,2-5yrs,No defect,Other,Undivided Two way,Tangent road with flat terrain,Crossing,Asphalt roads,Dry,Daylight,Normal,Collision with roadside objects,2,1,Going straight,Pedestrian,Female,Over 51,3,Driving to the left,Serious Injury
2024-10-05 18:42:00,Friday,Under 18,Male,Junior high school,5-10yr,Other,Owner,Below 1yr,No defect,Hospital areas,Undivided Two way,Tangent road with flat terrain,Crossing,Asphalt roads,Dry,Daylight,Normal,Collision with roadside objects,2,1,Going straight,Driver or rider,Male,31-50,3,Driving carelessly,Serious Injury
2024-10-05 08:15:00,Monday,18-30,Male,Junior high school,Below 1yr,Pick up upto 10Q,Owner,2-5yrs,Unknown,Other,Undivided Two way,Tangent road with flat terrain,No junction,Asphalt roads,Dry,Daylight,Normal,Vehicle with vehicle collision,2,1,Going straight,Pedestrian,Male,31-50,3,Driving carelessly,Slight Injury
2024-10-05 08:15:00,Monday,18-30,Male,Junior high school,2-5yr,Turbo,Owner,Unknown,Unknown,Other,Two-way (divided with broken lines road marking),Tangent road with flat terrain,No junction,Earth roads,Dry,Daylight,Normal,Vehicle with vehicle collision,2,1,Other,NA,NA,NA,NA,Changing lane to the right,Slight Injury
2024-10-05 12:30:00,Thursday,31-50,Male,Elementary school,2-5yr,Pick up upto 10Q,Owner,Unknown,Unknown,Other,Undivided Two way,Tangent road with flat terrain,No junction,Asphalt roads,Dry,Daylight,Normal,Collision with roadside objects,2,2,Going straight,Driver or rider,Female,31-50,3,Driving carelessly,Serious Injury
2024-10-05 12:30:00,Thursday,31-50,Male,Junior high school,2-5yr,Other,Other,Unknown,Unknown,Other,Double carriageway (median),Tangent road with flat terrain,No junction,Asphalt roads,Dry,Daylight,Normal,Collision with roadside objects,2,2,Going straight,Driver or rider,Male,Over 51,3,Changing lane to the left,Serious Injury
2024-10-05 17:35:00,Friday,Unknown,Male,Junior high school,2-5yr,Stationwagen,Governmental,Unknown,No defect,Other,Two-way (divided with broken lines road marking),Tangent road with mild grade and flat terrain,No junction,Asphalt roads,Dry,Daylight,Normal,Vehicle with vehicle collision,2,1,Going straight,NA,NA,NA,NA,Driving carelessly,Slight Injury
2024-10-05 17:35:00,Friday,18-30,Male,Junior high school,5-10yr,Pick up upto 10Q,Owner,Above 10yr,No defect,Hospital areas,Two-way (divided with broken lines road marking),Tangent road with flat terrain,No junction,Asphalt roads,Dry,Daylight,Normal,Vehicle with vehicle collision,2,1,Going straight,Driver or rider,Male,18-30,3,Driving carelessly,Slight Injury
2024-10-05 15:00:00,Saturday,Unknown,Male,Junior high school,5-10yr,Lorry (41-100Q),Other,Above 10yr,No defect,Other,Two-way (divided with broken lines road marking),Tangent road with flat terrain,Y Shape,Asphalt roads,Dry,Daylight,Normal,Vehicle with vehicle collision,2,2,Going straight,NA,NA,NA,NA,Driving under the influence of drugs,Serious Injury