Time,Day_of_week,Age_band_of_driver,Sex_of_driver,Educational_level,Driving_experience,Type_of_vehicle,Owner_of_vehicle,Service_year_of_vehicle,Defect_of_vehicle,Area_accident_occured,Lanes_or_Medians,Road_allignment,Types_of_Junction,Road_surface_type,Road_surface_conditions,Light_conditions,Weather_conditions,Type_of_collision,Number_of_vehicles_involved,Number_of_casualties,Vehicle_movement,Casualty_class,Sex_of_casualty,Age_band_of_casualty,Casualty_severity,Cause_of_accident,Accident_severity
2024-10-05 13:10:00,Saturday,18-30,Male,Junior high school,2-5yr,Other,Organization,Above 10yr,Unknown,Hospital areas,Two-way (divided with broken lines road marking),Tangent road with flat terrain,Crossing,Asphalt roads,Dry,Daylight,Normal,Rollover,2,1,Going straight,Driver or rider,Male,18-30,3,Other,Slight Injury
2024-10-05 17:50:00,Friday,18-30,Unknown,Junior high school,Below 1yr,Other,Owner,Unknown,Unknown,Office areas,One way,Tangent road with flat terrain,Crossing,Asphalt roads,Dry,Daylight,Normal,Collision with animals,2,2,Going straight,NA,NA,NA,NA,No priority to vehicle,Slight Injury
2024-10-05 17:50:00,Friday,18-30,Male,High school,5-10yr,Other,Owner,2-5yrs,No defect,Church areas,Undivided Two way,Tangent road with flat terrain,Crossing,Asphalt roads,Dry,Daylight,Normal,Collision with animals,2,2,Reversing,Pedestrian,Female,Over 51,3,Changing lane to the right,Slight Injury
2024-10-05 09:00:00,Friday,18-30,Female,Above high school,1-2yr,Public (12 seats),Organization,5-10yrs,No defect,Hospital areas,Undivided Two way,Tangent road with mountainous terrain and,No junction,Other,Dry,Daylight,Normal,Vehicle with vehicle collision,2,1,Moving Backward,Pedestrian,Male,Under 18,3,Other,Serious Injury
2024-10-05 09:00:00,Friday,31-50,Male,Junior high school,Below 1yr,Lorry (41-100Q),Owner,Above 10yr,No defect,Office areas,Other,Tangent road with flat terrain,No junction,Other,Dry,Daylight,Normal,Fall from vehicles,2,1,Going straight,Driver or rider,Male,18-30,3,No distancing,Serious Injury
2024-10-05 09:19:00,Saturday,18-30,Male,Unknown,Unknown,Other,Owner,2-5yrs,No defect,Other,Two-way (divided with broken lines road marking),Escarpments,Y Shape,Asphalt roads,Dry,Daylight,Normal,Collision with roadside-parked vehicles,2,1,Going straight,Driver or rider,Male,Over 51,3,Driving carelessly,Serious Injury
2024-10-05 09:19:00,Saturday,18-30,Male,High school,Below 1yr,Public (12 seats),Owner,1-2yr,Unknown,Office areas,Undivided Two way,Tangent road with flat terrain,Y Shape,Asphalt roads,Dry,Daylight,Normal,Collision with roadside-parked vehicles,2,1,Going straight,NA,NA,NA,NA,No distancing,Serious Injury
2024-10-05 20:50:00,Saturday,31-50,Male,High school,Below 1yr,Other,Owner,2-5yrs,Unknown,Office areas,Two-way (divided with broken lines road marking),Tangent road with mountainous terrain and,No junction,Asphalt roads,Dry,Darkness - lights lit,Normal,Rollover,1,1,Going straight,Pedestrian,Male,Over 51,3,Moving Backward,Slight Injury
2024-10-05 15:40:00,Sunday,18-30,Male,Unknown,Unknown,Lorry (11-40Q),Owner,Unknown,No defect,Other,Double carriageway (median),Steep grade downward with mountainous terrain,Y Shape,Asphalt roads,Dry,Daylight,Normal,Collision with animals,2,1,Going straight,Pedestrian,Female,Under 18,3,No distancing,Slight Injury
2024-10-05 15:40:00,Sunday,31-50,Male,High school,2-5yr,Other,Owner,1-2yr,No defect,Office areas,Undivided Two way,Tangent road with mild grade and flat terrain,Y Shape,Asphalt roads with some distress,Dry,Daylight,Normal,Collision with animals,2,1,Going straight,NA,NA,NA,NA,Moving Backward,Slight Injury
2024-10-05 17:00:00,Tuesday,18-30,Male,Junior high school,Above 10yr,Other,Owner,Unknown,No defect,Residential areas,Undivided Two way,Tangent road with flat terrain,Y Shape,Other,Dry,Daylight,Normal,Fall from vehicles,2,1,Turnover,Driver or rider,Male,31-50,3,No priority to pedestrian,Slight Injury
2024-10-05 17:00:00,Tuesday,31-50,Male,Junior high school,Above 10yr,Other,Owner,Unknown,Unknown,Other,Two-way (divided with broken lines road marking),Tangent road with flat terrain,Y Shape,Asphalt roads,Dry,Daylight,Normal,Collision with roadside-parked vehicles,2,1,Going straight,NA,NA,NA,NA,Changing lane to the left,Slight Injury
2024-10-05 20:06:00,Friday,18-30,Male,Junior high school,5-10yr,Pick up upto 10Q,Owner,2-5yrs,Unknown,Office areas,Double carriageway (median),Tangent road with flat terrain,No junction,Asphalt roads,Dry,Darkness - lights lit,Normal,Collision with animals,1,1,Other,Pedestrian,Male,Under 18,3,No distancing,Serious Injury
2024-10-05 10:43:00,Thursday,31-50,Male,Junior high school,1-2yr,Automobile,Owner,5-10yrs,Unknown,Office areas,Undivided Two way,Tangent road with mountainous terrain and,No junction,Asphalt roads,Dry,Daylight,Normal,Collision with animals,1,1,Going straight,Driver or rider,Female,18-30,3,Other,Serious Injury
2024-10-05 07:46:00,Thursday,31-50,Male,Unknown,Below 1yr,Other,Other,Unknown,Unknown,Office areas,Other,Tangent road with flat terrain,Other,Asphalt roads,Dry,Daylight,Normal,Collision with pedestrians,2,1,Going straight,NA,NA,NA,NA,No distancing,Slight Injury
2024-10-05 07:46:00,Thursday,18-30,Male,Junior high school,Below 1yr,Lorry (41-100Q),Owner,5-10yrs,No defect,Other,Two-way (divided with broken lines road marking),Tangent road with mild grade and flat terrain,Other,Earth roads,Dry,Daylight,Normal,Vehicle with vehicle collision,2,1,Going straight,Driver or rider,Male,18-30,3,No priority to pedestrian,Slight Injury
2024-10-05 09:51:00,Thursday,18-30,Male,High school,2-5yr,Public (13-45 seats),Owner,Unknown,No defect,Church areas,Undivided Two way,Tangent road with flat terrain,No junction,Asphalt roads,Dry,Daylight,Normal,Vehicle with vehicle collision,1,1,Going straight,NA,NA,NA,NA,Moving Backward,Slight Injury
2024-10-05 19:41:00,Tuesday,31-50,Male,Junior high school,1-2yr,Automobile,Owner,Unknown,No defect,Industrial areas,Undivided Two way,Tangent road with flat terrain,Y Shape,Asphalt roads,Dry,Darkness - lights lit,Normal,Collision with pedestrians,3,1,Going straight,Driver or rider,Male,18-30,3,No priority to pedestrian,Slight Injury
2024-10-05 19:41:00,Tuesday,Over 51,Male,Junior high school,5-10yr,Pick up upto 10Q,Owner,1-2yr,No defect,Office areas,Double carriageway (median),Tangent road with flat terrain,Y Shape,Asphalt roads,Dry,Darkness - lights lit,Normal,Vehicle with vehicle collision,3,1,Moving Backward,NA,NA,NA,NA,No distancing,Slight Injury
2024-10-05 19:41:00,Tuesday,18-30,Male,Elementary school,2-5yr,Lorry (41-100Q),Owner,Unknown,No defect,Church areas,Undivided Two way,Tangent road with flat terrain,Y Shape,Asphalt roads,Dry,Darkness - lights lit,Normal,Collision with roadside objects,3,1,Moving Backward,Pedestrian,Female,Over 51,3,No priority to pedestrian,Slight Injury
2024-10-05 18:05:00,Tuesday,18-30,Male,Elementary school,5-10yr,Public (12 seats),Owner,Unknown,Unknown,Office areas,Undivided Two way,Tangent road with flat terrain,Crossing,Asphalt roads,Dry,Daylight,Normal,Vehicle with vehicle collision,1,1,Moving Backward,Driver or rider,Female,31-50,3,Driving carelessly,Slight Injury
2024-10-05 17:40:00,Monday,31-50,Male,Junior high school,Above 10yr,Other,Owner,Unknown,No defect,Office areas,Other,Tangent road with flat terrain,Y Shape,Asphalt roads,Dry,Daylight,Normal,Vehicle with vehicle collision,2,1,Other,NA,NA,NA,NA,Getting off the vehicle improperly,Slight Injury
2024-10-05 17:40:00,Monday,18-30,Male,Junior high school,5-10yr,Lorry (41-100Q),Owner,Unknown,Unknown,Residential areas,Two-way (divided with broken lines road marking),Tangent road with flat terrain,Y Shape,Asphalt roads,Dry,Daylight,Normal,Vehicle with vehicle collision,2,1,Going straight,Passenger,Male,31-50,3,Driving carelessly,Slight Injury
2024-10-05 17:45:00,Tuesday,Over 51,Male,High school,5-10yr,Pick up upto 10Q,Owner,5-10yrs,Unknown,Office areas,Two-way (divided with broken lines road marking),Tangent road with flat terrain,Crossing,Asphalt roads,Wet or damp,Daylight,Raining,Rollover,2,1,Other,Passenger,Female,Over 51,3,Changing lane to the left,Slight Injury
2024-10-05 17:45:00,Tuesday,18-30,Male,Junior high school,5-10yr,Other,Owner,5-10yrs,Unknown,Residential areas,Undivided Two way,Tangent road with flat terrain,Crossing,Asphalt roads,Wet or damp,Daylight,Raining,Vehicle with vehicle collision,2,1,Turnover,Passenger,Female,31-50,3,Moving Backward,Slight Injury
2024-10-05 08:25:00,Thursday,18-30,Male,Junior high school,Above 10yr,Lorry (41-100Q),Owner,2-5yrs,Unknown,Office areas,Double carriageway (median),Tangent road with flat terrain,Crossing,Asphalt roads,Dry,Daylight,Normal,Vehicle with vehicle collision,2,1,Getting off,Passenger,Female,31-50,3,Overtaking,Slight Injury
2024-10-05 08:25:00,Thursday,31-50,Male,Junior high school,1-2yr,Ridden horse,Owner,2-5yrs,No defect,Office areas,Double carriageway (median),Tangent road with flat terrain,Crossing,Asphalt roads,Dry,Daylight,Normal,Vehicle with vehicle collision,2,1,Going straight,Passenger,Female,Over 51,3,Changing lane to the left,Slight Injury
2024-10-05 09:02:00,Monday,18-30,Male,Junior high school,2-5yr,Automobile,Other,Unknown,No defect,Other,Two-way (divided with broken lines road marking),Tangent road with flat terrain,Other,Gravel roads,Dry,Daylight,Normal,Collision with pedestrians,2,1,Going straight,NA,NA,NA,NA,Changing lane to the right,Serious Injury
2024-10-05 09:02:00,Monday,31-50,Male,Junior high school,1-2yr,Automobile,Owner,Unknown,No defect,Other,Two-way (divided with broken lines road marking),Tangent road with flat terrain,Other,Asphalt roads,Dry,Daylight,Normal,Vehicle with vehicle collision,2,1,Going straight,Driver or rider,Male,18-30,3,Overtaking,Serious Injury
2024-10-05 20:10:00,Sunday,Over 51,Male,Unknown,Unknown,Stationwagen,Owner,Above 10yr,No defect,Residential areas,Two-way (divided with broken lines road marking),Tangent road with flat terrain,Crossing,Asphalt roads,Dry,Darkness - lights lit,Normal,Collision with roadside objects,2,2,Turnover,Driver or rider,Male,Over 51,2,Overloading,Slight Injury
2024-10-05 20:10:00,Sunday,Over 51,Male,Elementary school,5-10yr,Other,Owner,Unknown,Unknown,Church areas,Two-way (divided with broken lines road marking),Tangent road with flat terrain,Crossing,Asphalt roads,Dry,Darkness - lights lit,Normal,Vehicle with vehicle collision,2,2,Reversing,Passenger,Male,5,3,Other,Slight Injury
2024-10-05 05:55:00,Thursday,Over 51,Male,Junior high school,5-10yr,Lorry (41-100Q),Governmental,Unknown,No defect,Church areas,Double carriageway (median),Tangent road with flat terrain,No junction,Asphalt roads,Dry,Darkness - lights lit,Normal,Rollover,2,2,Moving Backward,Pedestrian,Male,18-30,3,No priority to vehicle,Slight Injury
2024-10-05 05:55:00,Thursday,31-50,Male,Junior high school,Above 10yr,Lorry (41-100Q),Owner,2-5yrs,No defect,Residential areas,Double carriageway (median),Tangent road with flat terrain,No junction,Asphalt roads,Dry,Darkness - lights lit,Normal,Vehicle with vehicle collision,2,2,Other,Pedestrian,Male,Over 51,3,Changing lane to the right,Slight Injury
2024-10-05 20:15:00,Friday,31-50,Male,Junior high school,2-5yr,Long lorry,Owner,Unknown,No defect,Office areas,Two-way (divided with broken lines road marking),Tangent road with mild grade and flat terrain,Y Shape,Asphalt roads,Dry,Darkness - lights lit,Normal,Vehicle with vehicle collision,3,3,Going straight,Pedestrian,Male,31-50,2,Moving Backward,Serious Injury
2024-10-05 20:15:00,Friday,18-30,Male,Junior high school,Above 10yr,Stationwagen,Owner,5-10yrs,No defect,Office areas,Two-way (divided with broken lines road marking),Tangent road with mild grade and flat terrain,Y Shape,Asphalt roads,Dry,Darkness - lights lit,Normal,Vehicle with vehicle collision,3,3,Going straight,Pedestrian,Male,Under 18,3,Changing lane to the left,Serious Injury
2024-10-05 20:15:00,Friday,18-30,Male,Junior high school,2-5yr,Public (12 seats),Owner,2-5yrs,Unknown,Residential areas,Two-way (divided with broken lines road marking),Tangent road with flat terrain,Y Shape,Asphalt roads,Dry,Darkness - lights lit,Normal,Vehicle with vehicle collision,3,3,Going straight,NA,NA,NA,NA,No priority to pedestrian,Serious Injury
2024-10-05 20:32:00,Tuesday,18-30,Male,Elementary school,5-10yr,Automobile,Owner,5-10yrs,Unknown,Church areas,Other,Tangent road with flat terrain,No junction,Asphalt roads,Dry,Darkness - lights lit,Normal,Vehicle with vehicle collision,3,1,Going straight,Driver or rider,Male,31-50,3,No distancing,Slight Injury
2024-10-05 20:32:00,Tuesday,31-50,Male,Elementary school,5-10yr,Public (12 seats),Owner,Unknown,Unknown,Other,Two-way (divided with broken lines road marking),Tangent road with flat terrain,No junction,Asphalt roads,Dry,Darkness - lights lit,Normal,Collision with roadside objects,3,1,Going straight,NA,NA,NA,NA,No priority to vehicle,Slight Injury
2024-10-05 20:32:00,Tuesday,18-30,Male,Junior high school,5-10yr,Lorry (41-100Q),Owner,Unknown,Unknown,Office areas,Two-way (divided with broken lines road marking),Tangent road with flat terrain,No junction,Asphalt roads,Dry,Darkness - lights lit,Normal,Vehicle with vehicle collision,3,1,Going straight,Pedestrian,Female,18-30,3,No distancing,Slight Injury
2024-10-05 16:30:00,Monday,18-30,Male,Junior high school,5-10yr,Automobile,Owner,Unknown,Unknown,Other,Two-way (divided with broken lines road marking),Tangent road with flat terrain,No junction,Asphalt roads,Dry,Daylight,Normal,Vehicle with vehicle collision,2,1,Going straight,Passenger,Female,18-30,3,No distancing,Slight Injury
2024-10-05 16:30:00,Monday,Over 51,Male,Elementary school,Above 10yr,Lorry (41-100Q),Owner,Unknown,Unknown,Other,Two-way (divided with broken lines road marking),Tangent road with flat terrain,No junction,Asphalt roads,Dry,Daylight,Normal,Collision with roadside objects,2,1,Going straight,Passenger,Male,Over 51,3,Moving Backward,Slight Injury
2024-10-05 20:00:00,Tuesday,Unknown,Male,Junior high school,Below 1yr,Lorry (41-100Q),Owner,Unknown,Unknown,Other,Other,Tangent road with flat terrain,No junction,Asphalt roads,Dry,Darkness - lights lit,Normal,Collision with roadside objects,2,1,Going straight,Passenger,Male,Under 18,3,Changing lane to the right,Serious Injury
2024-10-05 20:00:00,Tuesday,18-30,Male,Junior high school,5-10yr,Pick up upto 10Q,Governmental,2-5yrs,Unknown,Residential areas,Two-way (divided with broken lines road marking),Other,No junction,Asphalt roads,Dry,Darkness - lights lit,Normal,Vehicle with vehicle collision,2,1,Other,Pedestrian,Female,18-30,3,No priority to pedestrian,Serious Injury
2024-10-05 15:35:00,Monday,31-50,Male,Elementary school,1-2yr,Other,Owner,Below 1yr,Unknown,Church areas,Undivided Two way,Tangent road with flat terrain,Y Shape,Asphalt roads,Dry,Daylight,Normal,Vehicle with vehicle collision,1,1,Moving Backward,Pedestrian,Female,Over 51,3,Moving Backward,Slight Injury
2024-10-05 15:50:00,Monday,18-30,Male,Unknown,Unknown,Automobile,Other,Unknown,Unknown,Other,Undivided Two way,Tangent road with flat terrain,Y Shape,Asphalt roads,Dry,Daylight,Normal,Vehicle with vehicle collision,1,1,Going straight,Driver or rider,Male,31-50,3,Getting off the vehicle improperly,Serious Injury
2024-10-05 22:59:00,Friday,Under 18,Male,Junior high school,Above 10yr,Automobile,Owner,Unknown,Unknown,Other,One way,Tangent road with flat terrain,Other,Asphalt roads,Dry,Darkness - lights lit,Normal,Vehicle with vehicle collision,2,1,Moving Backward,NA,NA,NA,NA,Overtaking,Serious Injury
2024-10-05 22:59:00,Friday,18-30,Male,High school,2-5yr,Lorry (11-40Q),Owner,Unknown,No defect,Residential areas,Two-way (divided with broken lines road marking),Tangent road with flat terrain,Other,Asphalt roads,Dry,Darkness - lights lit,Normal,Collision with roadside objects,2,1,Going straight,Driver or rider,Male,31-50,3,Overloading,Serious Injury
2024-10-05 23:00:00,Saturday,18-30,Male,Junior high school,1-2yr,Bajaj,Owner,Unknown,Unknown,Office areas,One way,Tangent road with flat terrain,Y Shape,Asphalt roads,Dry,Darkness - lights lit,Normal,Vehicle with vehicle collision,1,1,Moving Backward,Driver or rider,Male,31-50,3,Changing lane to the right,Slight Injury
2024-10-05 16:15:00,Thursday,18-30,Male,Junior high school,1-2yr,Automobile,Owner,Unknown,No defect,Industrial areas,Two-way (divided with broken lines road marking),Tangent road with flat terrain,Crossing,Asphalt roads,Dry,Daylight,Normal,Vehicle with vehicle collision,2,2,Other,NA,NA,NA,NA,Improper parking,Slight Injury
2024-10-05 16:15:00,Thursday,31-50,Male,Above high school,2-5yr,Lorry (41-100Q),Governmental,Unknown,No defect,Residential areas,Double carriageway (median),Tangent road with flat terrain,Crossing,Other,Dry,Daylight,Normal,Vehicle with vehicle collision,2,2,Going straight,Driver or rider,Male,18-30,3,Other,Slight Injury
2024-10-05 06:45:00,Monday,Unknown,Female,Unknown,Unknown,Lorry (11-40Q),Owner,Unknown,No defect,Office areas,Other,Tangent road with flat terrain,No junction,Other,Dry,Darkness - no lighting,Normal,Vehicle with vehicle collision,1,1,Going straight,NA,NA,NA,NA,Changing lane to the left,Slight Injury
2024-10-05 15:28:00,Thursday,Under 18,Male,Elementary school,2-5yr,Lorry (11-40Q),Owner,2-5yrs,Unknown,Other,Other,Tangent road with flat terrain,Y Shape,Asphalt roads,Dry,Daylight,Normal,Vehicle with vehicle collision,2,2,Going straight,Driver or rider,Male,18-30,3,Changing lane to the right,Slight Injury
2024-10-05 15:28:00,Thursday,Over 51,Male,Junior high school,1-2yr,Automobile,Owner,Unknown,Unknown,Church areas,Other,Tangent road with flat terrain,Y Shape,Asphalt roads,Dry,Daylight,Normal,Vehicle with vehicle collision,2,2,Going straight,Pedestrian,Male,31-50,3,No priority to pedestrian,Slight Injury
2024-10-05 17:07:00,Saturday,18-30,Male,Unknown,5-10yr,Other,Owner,Above 10yr,Unknown,Industrial areas,Other,Tangent road with flat terrain,Y Shape,Asphalt roads,Dry,Daylight,Normal,Collision with roadside objects,3,1,Other,Driver or rider,Male,18-30,3,Overspeed,Slight Injury
2024-10-05 17:07:00,Saturday,31-50,Male,Junior high school,Below 1yr,Automobile,Owner,Unknown,No defect,Recreational areas,One way,Tangent road with flat terrain,Y Shape,Asphalt roads,Dry,Daylight,Normal,Vehicle with vehicle collision,3,1,Going straight,Passenger,Female,18-30,3,Changing lane to the left,Slight Injury
2024-10-05 17:07:00,Saturday,Over 51,Male,Junior high school,2-5yr,Public (13-45 seats),Owner,Unknown,No defect,Market areas,Undivided Two way,Tangent road with flat terrain,Y Shape,Asphalt roads,Dry,Daylight,Normal,Collision with pedestrians,3,1,Moving Backward,NA,NA,NA,NA,No priority to vehicle,Slight Injury
2024-10-05 13:13:00,Monday,18-30,Male,Junior high school,5-10yr,Public (12 seats),Owner,Unknown,No defect,Other,Two-way (divided with broken lines road marking),Tangent road with flat terrain,Crossing,Asphalt roads,Dry,Daylight,Normal,Collision with roadside objects,2,3,Moving Backward,Driver or rider,Male,31-50,3,Changing lane to the right,Slight Injury
2024-10-05 13:13:00,Monday,18-30,Male,Junior high school,Above 10yr,Other,Owner,Unknown,Unknown,Other,Two-way (divided with broken lines road marking),Tangent road with flat terrain,Crossing,Asphalt roads,Dry,Daylight,Normal,Collision with roadside objects,2,3,Moving Backward,Passenger,Female,18-30,3,No distancing,Slight Injury
2024-10-05 13:13:00,Monday,31-50,Male,Elementary school,2-5yr,Automobile,Owner,Unknown,No defect,Industrial areas,Two-way (divided with broken lines road marking),Other,Crossing,Asphalt roads,Dry,Daylight,Normal,Vehicle with vehicle collision,2,3,Going straight,NA,NA,NA,NA,No priority to pedestrian,Slight Injury
2024-10-05 11:36:00,Wednesday,Over 51,Male,Elementary school,Above 10yr,Automobile,Governmental,2-5yrs,Unknown,Other,Two-way (divided with broken lines road marking),Tangent road with flat terrain,No junction,Asphalt roads,Dry,Daylight,Normal,Rollover,2,1,Going straight,Driver or rider,Male,Under 18,2,No distancing,Slight Injury
2024-10-05 11:36:00,Wednesday,Unknown,Female,Junior high school,1-2yr,Public (13-45 seats),Governmental,Unknown,Unknown,Office areas,Other,Tangent road with flat terrain,No junction,Asphalt roads,Dry,Daylight,Normal,Vehicle with vehicle collision,2,1,Going straight,NA,NA,NA,NA,No priority to vehicle,Slight Injury
2024-10-05 08:50:00,Friday,18-30,Male,Junior high school,5-10yr,Public (13-45 seats),Owner,Unknown,Unknown,Other,Other,Tangent road with flat terrain,No junction,Asphalt roads,Dry,Daylight,Normal,Vehicle with vehicle collision,2,1,Going straight,Passenger,Female,Over 51,3,Other,Slight Injury
2024-10-05 08:50:00,Friday,31-50,Male,Junior high school,2-5yr,Automobile,Owner,Unknown,Unknown,Office areas,Two-way (divided with broken lines road marking),Tangent road with flat terrain,No junction,Asphalt roads,Dry,Daylight,Normal,Vehicle with vehicle collision,2,1,Other,Driver or rider,Male,31-50,3,Driving carelessly,Slight Injury
2024-10-05 14:20:00,Thursday,Under 18,Male,Junior high school,2-5yr,Other,Owner,Unknown,Unknown,Office areas,Undivided Two way,Tangent road with flat terrain,Y Shape,Other,Dry,Daylight,Normal,Vehicle with vehicle collision,2,1,Going straight,NA,NA,NA,NA,Changing lane to the left,Slight Injury
2024-10-05 14:20:00,Thursday,31-50,Male,Junior high school,2-5yr,Pick up upto 10Q,Organization,Unknown,Unknown,Other,Other,Tangent road with flat terrain,Y Shape,Asphalt roads,Dry,Daylight,Normal,Vehicle with vehicle collision,2,1,Going straight,Pedestrian,Female,31-50,2,Driving carelessly,Slight Injury
2024-10-05 17:28:00,Thursday,18-30,Male,Junior high school,2-5yr,Lorry (41-100Q),Governmental,2-5yrs,Unknown,Other,Other,Tangent road with flat terrain,No junction,Asphalt roads,Dry,Daylight,Normal,Vehicle with vehicle collision,2,1,Going straight,NA,NA,NA,NA,Changing lane to the left,Slight Injury
2024-10-05 17:28:00,Thursday,31-50,Male,Junior high school,Above 10yr,Automobile,Owner,Unknown,No defect,Other,Undivided Two way,Tangent road with flat terrain,No junction,Asphalt roads,Dry,Daylight,Normal,Vehicle with vehicle collision,2,1,Reversing,Driver or rider,Female,31-50,3,No priority to vehicle,Slight Injury
2024-10-05 07:30:00,Friday,Under 18,Male,Junior high school,Above 10yr,Automobile,Owner,Above 10yr,Unknown,Other,Other,Tangent road with flat terrain,Y Shape,Asphalt roads,Wet or damp,Daylight,Raining,Vehicle with vehicle collision,2,1,Moving Backward,Driver or rider,Male,18-30,3,No distancing,Slight Injury
2024-10-05 07:30:00,Friday,18-30,Male,Elementary school,5-10yr,Lorry (41-100Q),Other,Unknown,Unknown,Residential areas,Undivided Two way,Tangent road with flat terrain,Y Shape,Asphalt roads,Wet or damp,Daylight,Raining,Collision with roadside objects,2,1,Going straight,NA,NA,NA,NA,Changing lane to the right,Slight Injury
2024-10-05 04:35:00,Wednesday,Unknown,Female,Unknown,Unknown,Other,Owner,2-5yrs,No defect,Church areas,Undivided Two way,Tangent road with flat terrain,Y Shape,Asphalt roads,Wet or damp,Darkness - lights lit,Raining,Vehicle with vehicle collision,2,1,Going straight,Driver or rider,Male,31-50,2,Changing lane to the right,Slight Injury
2024-10-05 04:35:00,Wednesday,18-30,Male,Unknown,2-5yr,Other,Owner,2-5yrs,Unknown,Office areas,Double carriageway (median),Tangent road with flat terrain,Y Shape,Asphalt roads,Wet or damp,Darkness - lights lit,Raining,Vehicle with vehicle collision,2,1,Reversing,NA,NA,NA,NA,Driving at high speed,Slight Injury
2024-10-05 10:38:00,Saturday,18-30,Male,Elementary school,5-10yr,Automobile,Owner,2-5yrs,Unknown,Church areas,Other,Tangent road with flat terrain,Crossing,Asphalt roads,Wet or damp,Daylight,Raining,Vehicle with vehicle collision,2,1,Going straight,Driver or rider,Male,31-50,3,No distancing,Slight Injury
2024-10-05 10:38:00,Saturday,31-50,Male,Junior high school,5-10yr,Automobile,Owner,2-5yrs,Unknown,Other,Two-way (divided with broken lines road marking),Tangent road with flat terrain,Crossing,Asphalt roads,Wet or damp,Daylight,Raining,Vehicle with vehicle collision,2,1,Reversing,NA,NA,NA,NA,Changing lane to the right,Slight Injury
2024-10-05 17:43:00,Friday,18-30,Male,Junior high school,Above 10yr,Automobile,Owner,Above 10yr,No defect,Residential areas,Other,Tangent road with flat terrain,No junction,Other,Wet or damp,Darkness - lights lit,Raining,Collision with pedestrians,2,1,Other,Pedestrian,Female,31-50,3,Changing lane to the left,Slight Injury
2024-10-05 17:43:00,Friday,Over 51,Male,Junior high school,5-10yr,Automobile,Owner,5-10yrs,No defect,Office areas,Undivided Two way,Tangent road with flat terrain,No junction,Asphalt roads,Wet or damp,Darkness - lights lit,Raining,Vehicle with vehicle collision,2,1,Other,NA,NA,NA,NA,Getting off the vehicle improperly,Slight Injury
2024-10-05 13:13:00,Friday,18-30,Male,Junior high school,Above 10yr,Lorry (41-100Q),Owner,Unknown,No defect,Recreational areas,Other,Other,Y Shape,Asphalt roads,Wet or damp,Daylight,Raining,Vehicle with vehicle collision,3,1,Going straight,Driver or rider,Male,31-50,3,Other,Slight Injury
2024-10-05 13:13:00,Friday,Over 51,Male,Elementary school,Below 1yr,Other,Governmental,Unknown,No defect,Office areas,Other,Tangent road with mild grade and flat terrain,Y Shape,Other,Wet or damp,Daylight,Raining,Vehicle with vehicle collision,3,1,Going straight,NA,NA,NA,NA,Other,Slight Injury
2024-10-05 13:13:00,Friday,18-30,Male,Elementary school,5-10yr,Pick up upto 10Q,Owner,5-10yrs,No defect,Industrial areas,Other,Tangent road with flat terrain,Y Shape,Asphalt roads,Wet or damp,Daylight,Raining,Vehicle with vehicle collision,3,1,Going straight,Driver or rider,Male,31-50,3,No distancing,Slight Injury
2024-10-05 01:25:00,Wednesday,18-30,Male,Elementary school,1-2yr,Stationwagen,Other,Unknown,Unknown,Other,Other,Other,Crossing,Asphalt roads,Dry,Darkness - lights lit,Normal,Vehicle with vehicle collision,2,1,Going straight,NA,NA,NA,NA,No priority to vehicle,Slight Injury
2024-10-05 01:25:00,Wednesday,31-50,Male,Elementary school,5-10yr,Other,Owner,Unknown,No defect,Residential areas,Undivided Two way,Tangent road with flat terrain,Crossing,Asphalt roads,Dry,Darkness - lights lit,Normal,Vehicle with vehicle collision,2,1,Going straight,Driver or rider,Male,18-30,3,Overtaking,Slight Injury
2024-10-05 17:51:00,Wednesday,Over 51,Male,Elementary school,5-10yr,Pick up upto 10Q,Governmental,Above 10yr,No defect,Residential areas,Other,Tangent road with flat terrain,No junction,Earth roads,Dry,Darkness - lights lit,Normal,Collision with roadside objects,1,1,Going straight,Pedestrian,Male,18-30,3,No priority to pedestrian,Slight Injury
2024-10-05 19:54:00,Wednesday,18-30,Male,Elementary school,2-5yr,Stationwagen,Owner,1-2yr,No defect,Industrial areas,Other,Tangent road with flat terrain,Y Shape,Asphalt roads,Wet or damp,Darkness - lights lit,Normal,Vehicle with vehicle collision,2,1,Going straight,Pedestrian,Male,Over 51,3,No distancing,Slight Injury
2024-10-05 19:54:00,Wednesday,18-30,Male,Elementary school,5-10yr,Lorry (41-100Q),Owner,2-5yrs,No defect,Residential areas,Undivided Two way,Tangent road with flat terrain,Y Shape,Asphalt roads,Wet or damp,Darkness - lights lit,Normal,Vehicle with vehicle collision,2,1,Going straight,NA,NA,NA,NA,Changing lane to the right,Slight Injury
2024-10-05 11:00:00,Sunday,18-30,Male,Unknown,5-10yr,Automobile,Owner,Unknown,No defect,Residential areas,Other,Tangent road with flat terrain,Y Shape,Asphalt roads,Wet or damp,Daylight,Normal,Vehicle with vehicle collision,2,1,Going straight,Driver or rider,Male,18-30,3,Driving carelessly,Slight Injury
2024-10-05 11:00:00,Sunday,18-30,Male,Junior high school,Above 10yr,Other,Owner,Unknown,No defect,Office areas,Undivided Two way,Tangent road with flat terrain,Y Shape,Asphalt roads,Wet or damp,Daylight,Normal,Vehicle with vehicle collision,2,1,Going straight,NA,NA,NA,NA,Changing lane to the right,Slight Injury