Time,Day_of_week,Age_band_of_driver,Sex_of_driver,Educational_level,Driving_experience,Type_of_vehicle,Owner_of_vehicle,Service_year_of_vehicle,Defect_of_vehicle,Area_accident_occured,Lanes_or_Medians,Road_allignment,Types_of_Junction,Road_surface_type,Road_surface_conditions,Light_conditions,Weather_conditions,Type_of_collision,Number_of_vehicles_involved,Number_of_casualties,Vehicle_movement,Casualty_class,Sex_of_casualty,Age_band_of_casualty,Casualty_severity,Cause_of_accident,Accident_severity
2024-10-05 12:20:00,Saturday,18-30,Male,Junior high school,2-5yr,Pick up upto 10Q,Other,Unknown,Unknown,Other,Two-way (divided with broken lines road marking),Tangent road with flat terrain,Crossing,Asphalt roads,Dry,Daylight,Normal,Vehicle with vehicle collision,2,3,Other,Driver or rider,Male,Under 18,3,No distancing,Slight Injury
2024-10-05 18:15:00,Saturday,31-50,Male,Junior high school,2-5yr,Lorry (41-100Q),Owner,Unknown,No defect,Other,Undivided Two way,Tangent road with flat terrain,No junction,Asphalt roads,Dry,Darkness - lights lit,Normal,Vehicle with vehicle collision,1,1,Going straight,Passenger,Male,Under 18,3,Driving carelessly,Slight Injury
2024-10-05 11:48:00,Sunday,Over 51,Male,Junior high school,Above 10yr,Automobile,Owner,Unknown,No defect,Other,Double carriageway (median),Tangent road with flat terrain,Y Shape,Asphalt roads,Dry,Daylight,Normal,Vehicle with vehicle collision,2,1,Other,Passenger,Female,31-50,3,Driving to the left,Slight Injury
2024-10-05 11:48:00,Sunday,18-30,Male,Junior high school,1-2yr,Other,Owner,Unknown,Unknown,Residential areas,Two-way (divided with broken lines road marking),Tangent road with flat terrain,Y Shape,Asphalt roads,Dry,Daylight,Normal,Vehicle with vehicle collision,2,1,Going straight,NA,NA,NA,NA,Overtaking,Slight Injury
2024-10-05 11:45:00,Thursday,18-30,Male,Above high school,1-2yr,Lorry (41-100Q),Owner,2-5yrs,Unknown,Recreational areas,Undivided Two way,Tangent road with flat terrain,No junction,Asphalt roads,Wet or damp,Daylight,Raining,Vehicle with vehicle collision,2,1,Other,NA,NA,NA,NA,No distancing,Slight Injury
2024-10-05 11:45:00,Thursday,31-50,Male,Above high school,No Licence,Lorry (41-100Q),Owner,Unknown,Unknown,Other,Other,Tangent road with flat terrain,No junction,Asphalt roads,Wet or damp,Daylight,Raining,Collision with roadside objects,2,1,Going straight,Driver or rider,Male,18-30,3,Driving carelessly,Slight Injury
2024-10-05 07:55:00,Friday,31-50,Male,Junior high school,1-2yr,Lorry (41-100Q),Owner,Unknown,Unknown,Office areas,Undivided Two way,Tangent road with flat terrain,Y Shape,Asphalt roads,Wet or damp,Daylight,Raining,Collision with roadside objects,2,1,Going straight,NA,NA,NA,NA,No priority to vehicle,Slight Injury
2024-10-05 07:55:00,Friday,31-50,Male,Junior high school,5-10yr,Pick up upto 10Q,Other,Unknown,Unknown,Other,Undivided Two way,Tangent road with flat terrain,Y Shape,Asphalt roads,Wet or damp,Daylight,Raining,Vehicle with vehicle collision,2,1,Going straight,Driver or rider,Male,Under 18,3,No priority to vehicle,Slight Injury
2024-10-05 10:10:00,Tuesday,Over 51,Male,Junior high school,Above 10yr,Pick up upto 10Q,Owner,Unknown,Unknown,Office areas,Undivided Two way,Tangent road with flat terrain,Y Shape,Asphalt roads,Dry,Daylight,Normal,Collision with roadside objects,2,2,Going straight,Passenger,Female,Over 51,2,No priority to vehicle,Slight Injury
2024-10-05 10:10:00,Tuesday,Over 51,Male,Junior high school,Above 10yr,Automobile,Owner,Unknown,Unknown,Office areas,One way,Tangent road with flat terrain,Y Shape,Asphalt roads,Dry,Daylight,Normal,Collision with roadside objects,2,2,Going straight,NA,NA,NA,NA,No priority to vehicle,Slight Injury
2024-10-05 21:10:00,Tuesday,18-30,Male,Junior high school,5-10yr,Other,Owner,Unknown,Unknown,Office areas,Undivided Two way,Tangent road with flat terrain,Y Shape,Asphalt roads,Wet or damp,Darkness - lights lit,Normal,Vehicle with vehicle collision,2,1,Other,Pedestrian,Male,Over 51,3,No distancing,Slight Injury
2024-10-05 21:10:00,Tuesday,31-50,Male,Elementary school,2-5yr,Other,Owner,Unknown,No defect,Other,Undivided Two way,Tangent road with flat terrain,Y Shape,Asphalt roads,Wet or damp,Darkness - lights lit,Normal,Vehicle with vehicle collision,2,1,Other,NA,NA,NA,NA,Moving Backward,Slight Injury
2024-10-05 09:50:00,Friday,Over 51,Male,Junior high school,2-5yr,Automobile,Governmental,Unknown,Unknown,Other,Double carriageway (median),Tangent road with flat terrain,Y Shape,Asphalt roads,Wet or damp,Daylight,Raining,Collision with roadside objects,2,2,Going straight,Driver or rider,Male,18-30,3,No distancing,Slight Injury
2024-10-05 09:50:00,Friday,Over 51,Male,Junior high school,Below 1yr,Motorcycle,Owner,Unknown,No defect,Office areas,Two-way (divided with solid lines road marking),Tangent road with flat terrain,Y Shape,Asphalt roads,Wet or damp,Daylight,Raining,Vehicle with vehicle collision,2,2,Going straight,Passenger,Female,5,3,Changing lane to the left,Slight Injury
2024-10-05 09:50:00,Friday,31-50,Male,Junior high school,2-5yr,Automobile,Owner,Unknown,Unknown,Residential areas,Other,Tangent road with flat terrain,Y Shape,Asphalt roads,Wet or damp,Daylight,Raining,Vehicle with vehicle collision,2,2,Getting off,NA,NA,NA,NA,Changing lane to the left,Slight Injury
2024-10-05 20:10:00,Wednesday,18-30,Male,Junior high school,2-5yr,Automobile,Governmental,2-5yrs,Unknown,Recreational areas,Undivided Two way,Tangent road with flat terrain,Y Shape,Asphalt roads,Wet or damp,Darkness - lights lit,Cloudy,Vehicle with vehicle collision,2,1,Going straight,Driver or rider,Male,18-30,3,No priority to pedestrian,Slight Injury
2024-10-05 20:10:00,Wednesday,18-30,Male,Elementary school,5-10yr,Public (12 seats),Owner,1-2yr,No defect,Other,Other,Tangent road with flat terrain,Y Shape,Asphalt roads,Wet or damp,Darkness - lights lit,Cloudy,Vehicle with vehicle collision,2,1,Going straight,Driver or rider,Male,Under 18,3,Moving Backward,Slight Injury
2024-10-05 17:20:00,Tuesday,31-50,Male,Junior high school,Above 10yr,Long lorry,Owner,Above 10yr,No defect,Residential areas,Other,Tangent road with flat terrain,Y Shape,Asphalt roads,Wet or damp,Darkness - lights lit,Raining,Vehicle with vehicle collision,2,1,Going straight,NA,NA,NA,NA,Changing lane to the left,Slight Injury
2024-10-05 17:20:00,Tuesday,Under 18,Male,Unknown,Unknown,Other,Owner,Unknown,No defect,Other,Other,Tangent road with flat terrain,Y Shape,Asphalt roads,Wet or damp,Darkness - lights lit,Raining,Vehicle with vehicle collision,2,1,Going straight,Driver or rider,Male,31-50,3,No distancing,Slight Injury
2024-10-05 15:25:00,Sunday,18-30,Male,Junior high school,2-5yr,Automobile,Owner,Unknown,Unknown,Other,Other,Tangent road with flat terrain,No junction,Asphalt roads,Wet or damp,Daylight,Raining,Collision with pedestrians,2,2,Going straight,NA,NA,NA,NA,No priority to vehicle,Slight Injury
2024-10-05 15:25:00,Sunday,31-50,Male,Junior high school,5-10yr,Public (> 45 seats),Owner,5-10yrs,Unknown,Other,One way,Tangent road with flat terrain,No junction,Asphalt roads,Wet or damp,Daylight,Raining,Vehicle with vehicle collision,2,2,Getting off,Driver or rider,Male,18-30,3,Changing lane to the right,Slight Injury
2024-10-05 15:25:00,Sunday,31-50,Male,Above high school,2-5yr,Pick up upto 10Q,Owner,Unknown,No defect,Other,Two-way (divided with broken lines road marking),Tangent road with flat terrain,No junction,Asphalt roads,Wet or damp,Daylight,Raining,Collision with roadside objects,2,2,Going straight,NA,NA,NA,NA,No distancing,Slight Injury
2024-10-05 15:35:00,Wednesday,Over 51,Male,Unknown,Unknown,Lorry (41-100Q),Owner,2-5yrs,No defect,Other,Other,Tangent road with flat terrain,Y Shape,Asphalt roads,Wet or damp,Daylight,Raining,Vehicle with vehicle collision,1,1,Going straight,Driver or rider,Female,31-50,3,No distancing,Serious Injury
2024-10-05 15:30:00,Tuesday,18-30,Male,Unknown,1-2yr,Automobile,Owner,Unknown,No defect,School areas,Undivided Two way,Tangent road with flat terrain,Crossing,Asphalt roads,Dry,Daylight,Normal,Vehicle with vehicle collision,3,2,Other,NA,NA,NA,NA,Getting off the vehicle improperly,Slight Injury
2024-10-05 15:30:00,Tuesday,Over 51,Male,Junior high school,2-5yr,Public (13-45 seats),Owner,Unknown,No defect,Office areas,Two-way (divided with broken lines road marking),Tangent road with flat terrain,Crossing,Asphalt roads,Dry,Daylight,Normal,Vehicle with vehicle collision,3,2,Going straight,Driver or rider,Male,18-30,3,No priority to pedestrian,Slight Injury
2024-10-05 15:30:00,Tuesday,Over 51,Male,Junior high school,Above 10yr,Automobile,Owner,Unknown,No defect,Office areas,Two-way (divided with broken lines road marking),Tangent road with flat terrain,Crossing,Asphalt roads,Dry,Daylight,Normal,Vehicle with vehicle collision,3,2,Going straight,NA,NA,NA,NA,Changing lane to the left,Slight Injury
2024-10-05 15:30:00,Tuesday,31-50,Male,Junior high school,Below 1yr,Public (> 45 seats),Owner,5-10yrs,No defect,Office areas,Two-way (divided with broken lines road marking),Tangent road with flat terrain,Crossing,Asphalt roads,Dry,Daylight,Normal,Vehicle with vehicle collision,3,2,Going straight,Driver or rider,Female,31-50,3,No distancing,Slight Injury
2024-10-05 11:10:00,Thursday,Over 51,Male,Junior high school,2-5yr,Public (12 seats),Owner,Unknown,No defect,School areas,Other,Tangent road with flat terrain,No junction,Asphalt roads,Dry,Daylight,Normal,Vehicle with vehicle collision,1,1,Going straight,NA,NA,NA,NA,Driving carelessly,Slight Injury
2024-10-05 18:20:00,Tuesday,Unknown,Female,Junior high school,Below 1yr,Automobile,Governmental,Unknown,No defect,School areas,Undivided Two way,Tangent road with flat terrain,No junction,Asphalt roads,Wet or damp,Darkness - lights lit,Windy,Vehicle with vehicle collision,1,1,Going straight,Driver or rider,Female,31-50,3,No distancing,Slight Injury
2024-10-05 23:03:00,Friday,18-30,Male,High school,5-10yr,Lorry (41-100Q),Owner,Unknown,No defect,Office areas,Two-way (divided with broken lines road marking),Tangent road with flat terrain,Crossing,Asphalt roads,Dry,Darkness - lights lit,Normal,Vehicle with vehicle collision,1,1,Reversing,NA,NA,NA,NA,Changing lane to the right,Serious Injury
2024-10-05 22:43:00,Monday,18-30,Male,Above high school,1-2yr,Automobile,Owner,Unknown,No defect,Office areas,Two-way (divided with broken lines road marking),Tangent road with flat terrain,Y Shape,Asphalt roads,Wet or damp,Darkness - lights lit,Normal,Vehicle with vehicle collision,2,5,Other,Driver or rider,Male,18-30,3,Overtaking,Slight Injury
2024-10-05 22:43:00,Monday,Under 18,Male,Junior high school,Below 1yr,Pick up upto 10Q,Governmental,Above 10yr,No defect,School areas,Two-way (divided with broken lines road marking),Tangent road with flat terrain,Y Shape,Asphalt roads,Wet or damp,Darkness - lights lit,Normal,Collision with roadside objects,2,5,Going straight,NA,NA,NA,NA,Driving carelessly,Slight Injury
2024-10-05 22:43:00,Monday,Under 18,Male,Unknown,Unknown,Public (12 seats),Owner,1-2yr,No defect,Other,Two-way (divided with broken lines road marking),Tangent road with flat terrain,Y Shape,Asphalt roads,Wet or damp,Darkness - lights lit,Normal,Vehicle with vehicle collision,2,5,Going straight,Pedestrian,Female,Over 51,3,Moving Backward,Slight Injury
2024-10-05 22:43:00,Monday,Under 18,Male,High school,Below 1yr,Automobile,Owner,Above 10yr,No defect,Other,Two-way (divided with broken lines road marking),Tangent road with flat terrain,Y Shape,Asphalt roads,Wet or damp,Darkness - lights lit,Normal,Collision with roadside objects,2,5,Going straight,Pedestrian,Male,31-50,3,No distancing,Slight Injury
2024-10-05 22:43:00,Monday,Under 18,Male,High school,Below 1yr,Automobile,Owner,Below 1yr,No defect,Other,Undivided Two way,Tangent road with flat terrain,Y Shape,Asphalt roads,Wet or damp,Darkness - lights lit,Normal,Vehicle with vehicle collision,2,5,Going straight,Driver or rider,Male,31-50,3,Overtaking,Slight Injury
2024-10-05 18:20:00,Monday,18-30,Male,Unknown,Unknown,Automobile,Owner,Above 10yr,No defect,Other,Two-way (divided with broken lines road marking),Tangent road with flat terrain,No junction,Asphalt roads,Wet or damp,Darkness - lights lit,Raining,Vehicle with vehicle collision,2,1,Going straight,NA,NA,NA,NA,Driving carelessly,Slight Injury
2024-10-05 18:20:00,Monday,18-30,Male,High school,2-5yr,Stationwagen,Owner,Unknown,No defect,Residential areas,Undivided Two way,Tangent road with flat terrain,No junction,Asphalt roads,Wet or damp,Darkness - lights lit,Raining,Other,2,1,Going straight,Driver or rider,Male,18-30,3,Driving carelessly,Slight Injury
2024-10-05 08:00:00,Thursday,31-50,Male,Junior high school,Above 10yr,Other,Governmental,1-2yr,No defect,Other,Undivided Two way,Tangent road with flat terrain,Y Shape,Asphalt roads,Wet or damp,Daylight,Raining,Collision with pedestrians,2,1,Going straight,Passenger,Male,18-30,3,Moving Backward,Slight Injury
2024-10-05 08:00:00,Thursday,18-30,Male,Junior high school,Above 10yr,Other,Owner,1-2yr,No defect,Other,Undivided Two way,Tangent road with flat terrain,Y Shape,Asphalt roads,Wet or damp,Daylight,Raining,Vehicle with vehicle collision,2,1,Going straight,NA,NA,NA,NA,Driving carelessly,Slight Injury
2024-10-05 04:10:00,Saturday,18-30,Male,Junior high school,5-10yr,Other,Owner,Unknown,No defect,Industrial areas,Undivided Two way,Tangent road with flat terrain,No junction,Asphalt roads,Wet or damp,Darkness - lights lit,Other,Vehicle with vehicle collision,2,1,Going straight,Driver or rider,Male,18-30,3,Driving to the left,Slight Injury
2024-10-05 04:10:00,Saturday,Over 51,Male,Junior high school,1-2yr,Public (13-45 seats),Owner,Unknown,No defect,Recreational areas,Undivided Two way,Tangent road with flat terrain,No junction,Asphalt roads,Wet or damp,Darkness - lights lit,Other,Vehicle with vehicle collision,2,1,Moving Backward,NA,NA,NA,NA,Changing lane to the left,Slight Injury
2024-10-05 18:15:00,Monday,18-30,Male,Unknown,Below 1yr,Lorry (41-100Q),Owner,Above 10yr,No defect,Church areas,Two-way (divided with broken lines road marking),Tangent road with flat terrain,Y Shape,Asphalt roads,Wet or damp,Darkness - lights unlit,Raining,Collision with pedestrians,2,1,Moving Backward,Pedestrian,Female,Under 18,3,No distancing,Slight Injury
2024-10-05 18:15:00,Monday,18-30,Male,Junior high school,Below 1yr,Public (12 seats),Owner,Unknown,Unknown,Office areas,Two-way (divided with broken lines road marking),Tangent road with flat terrain,Y Shape,Asphalt roads,Wet or damp,Darkness - lights unlit,Raining,Collision with roadside objects,2,1,Turnover,NA,NA,NA,NA,No distancing,Slight Injury
2024-10-05 10:40:00,Tuesday,Under 18,Male,High school,2-5yr,Automobile,Owner,Unknown,Unknown,Other,Two-way (divided with broken lines road marking),Tangent road with flat terrain,Y Shape,Asphalt roads,Dry,Daylight,Normal,Other,2,1,Other,Driver or rider,Female,18-30,3,Changing lane to the right,Slight Injury
2024-10-05 10:40:00,Tuesday,Over 51,Male,Junior high school,1-2yr,Automobile,Owner,Unknown,Unknown,Office areas,Undivided Two way,Tangent road with flat terrain,Y Shape,Asphalt roads with some distress,Dry,Daylight,Normal,Vehicle with vehicle collision,2,1,Other,NA,NA,NA,NA,Driving under the influence of drugs,Slight Injury
2024-10-05 12:00:00,Tuesday,Over 51,Male,Junior high school,5-10yr,Stationwagen,Owner,Unknown,Unknown,Office areas,Two-way (divided with broken lines road marking),Tangent road with flat terrain,Y Shape,Asphalt roads,Dry,Daylight,Normal,Other,2,1,Going straight,Pedestrian,Female,31-50,3,Changing lane to the right,Slight Injury
2024-10-05 12:00:00,Tuesday,18-30,Male,Elementary school,2-5yr,Lorry (41-100Q),Owner,Unknown,Unknown,Other,Two-way (divided with broken lines road marking),Tangent road with flat terrain,Y Shape,Asphalt roads,Dry,Daylight,Normal,Other,2,1,Going straight,Driver or rider,Male,31-50,3,Changing lane to the left,Slight Injury
2024-10-05 12:01:00,Tuesday,18-30,Male,Elementary school,5-10yr,Lorry (41-100Q),Owner,Above 10yr,Unknown,Residential areas,Undivided Two way,Tangent road with flat terrain,Crossing,Asphalt roads,Dry,Daylight,Normal,Other,1,1,Other,NA,NA,NA,NA,Moving Backward,Slight Injury
2024-10-05 21:50:00,Monday,31-50,Male,Junior high school,Above 10yr,Lorry (41-100Q),Owner,Above 10yr,Unknown,Office areas,Other,Tangent road with mountainous terrain and,Y Shape,Asphalt roads,Dry,Darkness - lights lit,Normal,Vehicle with vehicle collision,3,1,Other,Driver or rider,Male,Under 18,3,No distancing,Slight Injury
2024-10-05 21:50:00,Monday,Unknown,Female,Junior high school,5-10yr,Public (> 45 seats),Owner,Above 10yr,No defect,Residential areas,Other,Tangent road with flat terrain,Y Shape,Gravel roads,Dry,Darkness - lights lit,Normal,Vehicle with vehicle collision,3,1,Going straight,NA,NA,NA,NA,Changing lane to the right,Slight Injury
2024-10-05 21:50:00,Monday,Unknown,Female,High school,5-10yr,Public (12 seats),Other,Unknown,Unknown,School areas,Two-way (divided with broken lines road marking),Tangent road with flat terrain,Y Shape,Asphalt roads,Dry,Darkness - lights lit,Normal,Collision with roadside objects,3,1,Reversing,NA,NA,NA,NA,Moving Backward,Slight Injury
2024-10-05 09:02:00,Thursday,18-30,Male,Junior high school,5-10yr,Other,Owner,Above 10yr,No defect,Office areas,Two-way (divided with broken lines road marking),Sharp reverse curve,No junction,Asphalt roads,Wet or damp,Daylight,Normal,Collision with roadside objects,1,1,Other,Pedestrian,Female,18-30,2,No distancing,Slight Injury
2024-10-05 16:20:00,Saturday,Unknown,Female,Junior high school,Above 10yr,Public (12 seats),Owner,5-10yrs,No defect,Other,Other,Tangent road with flat terrain,Y Shape,Asphalt roads,Wet or damp,Darkness - lights lit,Normal,Vehicle with vehicle collision,3,1,Turnover,Pedestrian,Female,31-50,3,Driving to the left,Slight Injury
2024-10-05 16:20:00,Saturday,18-30,Male,Junior high school,1-2yr,Other,Owner,Above 10yr,No defect,Other,Undivided Two way,Tangent road with flat terrain,Y Shape,Asphalt roads,Wet or damp,Darkness - lights lit,Normal,Vehicle with vehicle collision,3,1,Going straight,Pedestrian,Male,Under 18,3,Driving to the left,Slight Injury
2024-10-05 16:20:00,Saturday,18-30,Male,Junior high school,2-5yr,Public (12 seats),Owner,Above 10yr,No defect,Church areas,Other,Tangent road with flat terrain,Y Shape,Asphalt roads,Wet or damp,Darkness - lights lit,Normal,Vehicle with vehicle collision,3,1,Going straight,Driver or rider,Male,18-30,3,Moving Backward,Slight Injury
2024-10-05 16:40:00,Tuesday,18-30,Male,Junior high school,1-2yr,Stationwagen,Owner,Unknown,No defect,Office areas,Two-way (divided with broken lines road marking),Tangent road with flat terrain,No junction,Asphalt roads,Dry,Darkness - lights unlit,Normal,Vehicle with vehicle collision,2,1,Going straight,NA,NA,NA,NA,Moving Backward,Slight Injury
2024-10-05 16:40:00,Tuesday,18-30,Male,Unknown,Unknown,Automobile,Owner,Unknown,No defect,Other,Two-way (divided with broken lines road marking),Tangent road with flat terrain,No junction,Asphalt roads,Dry,Darkness - lights unlit,Normal,Vehicle with vehicle collision,2,1,Going straight,Pedestrian,Male,31-50,2,Overtaking,Slight Injury
2024-10-05 07:14:00,Saturday,31-50,Male,Elementary school,5-10yr,Lorry (41-100Q),Owner,Unknown,No defect,Office areas,Two-way (divided with broken lines road marking),Tangent road with mild grade and flat terrain,Y Shape,Asphalt roads,Wet or damp,Darkness - lights lit,Windy,Rollover,1,1,Going straight,Driver or rider,Female,Over 51,2,Driving carelessly,Slight Injury
2024-10-05 23:59:00,Thursday,18-30,Male,Junior high school,5-10yr,Special vehicle,Owner,Unknown,No defect,Office areas,Two-way (divided with broken lines road marking),Tangent road with flat terrain,Y Shape,Asphalt roads,Wet or damp,Darkness - lights lit,Normal,Vehicle with vehicle collision,1,1,Going straight,Passenger,Female,Over 51,3,Changing lane to the left,Slight Injury
2024-10-05 17:30:00,Tuesday,Over 51,Male,Junior high school,Above 10yr,Lorry (41-100Q),Owner,Above 10yr,No defect,Office areas,Two-way (divided with broken lines road marking),Sharp reverse curve,Crossing,Asphalt roads,Wet or damp,Darkness - lights lit,Normal,Collision with roadside objects,2,1,Going straight,Pedestrian,Male,Under 18,3,Driving under the influence of drugs,Slight Injury
2024-10-05 17:30:00,Tuesday,31-50,Male,Junior high school,2-5yr,Lorry (41-100Q),Owner,Above 10yr,No defect,Church areas,Undivided Two way,Sharp reverse curve,Crossing,Asphalt roads,Wet or damp,Darkness - lights lit,Normal,Collision with pedestrians,2,1,Going straight,Pedestrian,Female,18-30,3,No distancing,Slight Injury
2024-10-05 20:10:00,Thursday,31-50,Male,Junior high school,Above 10yr,Public (> 45 seats),Owner,Above 10yr,No defect,Office areas,Undivided Two way,Gentle horizontal curve,Y Shape,Asphalt roads,Wet or damp,Darkness - lights lit,Normal,Vehicle with vehicle collision,1,1,Going straight,NA,NA,NA,NA,Moving Backward,Slight Injury
2024-10-05 18:21:00,Tuesday,18-30,Male,Junior high school,2-5yr,Automobile,Owner,5-10yrs,No defect,Other,Double carriageway (median),Gentle horizontal curve,No junction,Asphalt roads,Dry,Darkness - lights lit,Normal,Vehicle with vehicle collision,2,1,Other,Driver or rider,Male,18-30,3,Changing lane to the left,Serious Injury
2024-10-05 18:21:00,Tuesday,18-30,Male,Elementary school,5-10yr,Automobile,Owner,Unknown,Unknown,Other,Two-way (divided with broken lines road marking),Tangent road with flat terrain,No junction,Asphalt roads,Dry,Darkness - lights lit,Normal,Vehicle with vehicle collision,2,1,Going straight,NA,NA,NA,NA,Changing lane to the right,Serious Injury
2024-10-05 08:50:00,Wednesday,31-50,Male,Elementary school,5-10yr,Automobile,Owner,5-10yrs,No defect,Church areas,Other,Tangent road with mountainous terrain and,No junction,Asphalt roads,Wet or damp,Daylight,Normal,Vehicle with vehicle collision,1,1,Going straight,Driver or rider,Male,18-30,3,No distancing,Slight Injury
2024-10-05 13:55:00,Tuesday,31-50,Male,Junior high school,5-10yr,Public (> 45 seats),Owner,1-2yr,Unknown,School areas,Undivided Two way,Tangent road with flat terrain,Y Shape,Asphalt roads,Dry,Daylight,Normal,Vehicle with vehicle collision,1,1,Moving Backward,Driver or rider,Male,18-30,3,Driving at high speed,Serious Injury
2024-10-05 19:13:00,Tuesday,18-30,Male,Junior high school,5-10yr,Lorry (11-40Q),Other,Unknown,Unknown,Church areas,Two-way (divided with broken lines road marking),Tangent road with flat terrain,Y Shape,Asphalt roads,Wet or damp,Darkness - lights lit,Raining,Vehicle with vehicle collision,2,1,Going straight,NA,NA,NA,NA,Changing lane to the right,Slight Injury
2024-10-05 19:13:00,Tuesday,18-30,Male,Elementary school,Above 10yr,Pick up upto 10Q,Owner,Above 10yr,Unknown,Office areas,Undivided Two way,Tangent road with flat terrain,Y Shape,Asphalt roads,Wet or damp,Darkness - lights lit,Raining,Vehicle with vehicle collision,2,1,Moving Backward,Pedestrian,Female,31-50,3,No priority to vehicle,Slight Injury
2024-10-05 17:40:00,Thursday,31-50,Male,Junior high school,Below 1yr,Lorry (11-40Q),Owner,2-5yrs,No defect,Other,Other,Tangent road with flat terrain,Y Shape,Asphalt roads,Wet or damp,Darkness - lights lit,Cloudy,Collision with roadside objects,2,1,Other,NA,NA,NA,NA,No distancing,Slight Injury
2024-10-05 17:40:00,Thursday,18-30,Male,Junior high school,5-10yr,Pick up upto 10Q,Owner,Above 10yr,Unknown,Church areas,Two-way (divided with broken lines road marking),Steep grade upward with mountainous terrain,Y Shape,Asphalt roads,Wet or damp,Darkness - lights lit,Cloudy,Rollover,2,1,Going straight,Driver or rider,Female,18-30,3,Turnover,Slight Injury
2024-10-05 15:45:00,Friday,18-30,Male,Elementary school,1-2yr,Special vehicle,Governmental,1-2yr,No defect,Other,Double carriageway (median),Tangent road with flat terrain,Y Shape,Earth roads,Wet or damp,Daylight,Normal,Vehicle with vehicle collision,1,1,Reversing,Passenger,Female,18-30,3,No distancing,Slight Injury
2024-10-05 13:45:00,Monday,Over 51,Male,Unknown,Unknown,Lorry (11-40Q),Governmental,Above 10yr,Unknown,Other,Double carriageway (median),Tangent road with flat terrain,No junction,Asphalt roads,Wet or damp,Daylight,Raining,Collision with pedestrians,2,2,Going straight,Driver or rider,Male,18-30,3,Changing lane to the right,Slight Injury
2024-10-05 13:45:00,Monday,Over 51,Male,Junior high school,Above 10yr,Other,Organization,5-10yrs,No defect,Office areas,Two-way (divided with broken lines road marking),Gentle horizontal curve,No junction,Asphalt roads,Wet or damp,Daylight,Raining,Vehicle with vehicle collision,2,2,Other,Driver or rider,Male,Over 51,3,No distancing,Slight Injury
2024-10-05 08:38:00,Thursday,Under 18,Male,High school,2-5yr,Other,Organization,Above 10yr,No defect,Other,Two-way (divided with broken lines road marking),Tangent road with flat terrain,Y Shape,Asphalt roads,Dry,Daylight,Normal,Vehicle with vehicle collision,2,2,Other,NA,NA,NA,NA,Changing lane to the left,Slight Injury
2024-10-05 08:38:00,Thursday,Over 51,Male,Junior high school,1-2yr,Lorry (41-100Q),Owner,2-5yrs,No defect,Other,Two-way (divided with broken lines road marking),Tangent road with flat terrain,Y Shape,Asphalt roads,Dry,Daylight,Normal,Collision with pedestrians,2,2,Other,NA,NA,NA,NA,Driving carelessly,Slight Injury
2024-10-05 19:22:00,Friday,31-50,Male,Junior high school,1-2yr,Other,Governmental,Unknown,No defect,Residential areas,Two-way (divided with broken lines road marking),Tangent road with flat terrain,No junction,Asphalt roads,Dry,Darkness - lights lit,Windy,Collision with pedestrians,1,1,Stopping,Driver or rider,Male,18-30,3,Changing lane to the right,Slight Injury
2024-10-05 23:40:00,Friday,Under 18,Male,Above high school,2-5yr,Other,Owner,2-5yrs,No defect,Office areas,Two-way (divided with broken lines road marking),Tangent road with flat terrain,Crossing,Asphalt roads,Wet or damp,Darkness - lights lit,Raining,Vehicle with vehicle collision,2,1,Other,Driver or rider,Male,31-50,2,No priority to vehicle,Slight Injury
2024-10-05 23:40:00,Friday,18-30,Male,Unknown,Unknown,Automobile,Owner,2-5yrs,No defect,Church areas,One way,Tangent road with flat terrain,Crossing,Asphalt roads,Wet or damp,Darkness - lights lit,Raining,Vehicle with vehicle collision,2,1,Other,NA,NA,NA,NA,No distancing,Slight Injury
2024-10-05 18:55:00,Thursday,31-50,Male,Elementary school,2-5yr,Other,Owner,1-2yr,No defect,Other,Undivided Two way,Tangent road with flat terrain,Y Shape,Asphalt roads,Dry,Darkness - lights lit,Normal,Vehicle with vehicle collision,1,1,Other,Driver or rider,Male,18-30,3,No priority to pedestrian,Fatal injury
2024-10-05 08:20:00,Wednesday,18-30,Male,Junior high school,1-2yr,Automobile,Owner,Above 10yr,Unknown,Market areas,Other,Steep grade downward with mountainous terrain,No junction,Asphalt roads,Wet or damp,Daylight,Raining,Vehicle with vehicle collision,2,1,Going straight,Driver or rider,Male,18-30,3,No priority to pedestrian,Slight Injury
2024-10-05 08:20:00,Wednesday,18-30,Male,Unknown,5-10yr,Public (13-45 seats),Owner,Above 10yr,No defect,Residential areas,Other,Tangent road with flat terrain,No junction,Asphalt roads with some distress,Wet or damp,Daylight,Raining,Vehicle with vehicle collision,2,1,Going straight,NA,NA,NA,NA,No priority to vehicle,Slight Injury
2024-10-05 23:55:00,Thursday,18-30,Male,Junior high school,Below 1yr,Lorry (41-100Q),Owner,5-10yrs,No defect,Office areas,Undivided Two way,Tangent road with flat terrain,Y Shape,Asphalt roads,Snow,Darkness - lights lit,Other,Collision with roadside objects,2,1,Going straight,Driver or rider,Male,18-30,3,Changing lane to the left,Slight Injury
2024-10-05 23:55:00,Thursday,31-50,Male,Junior high school,2-5yr,Other,Owner,Unknown,No defect,Recreational areas,Other,Other,Y Shape,Asphalt roads,Snow,Darkness - lights lit,Other,Vehicle with vehicle collision,2,1,Going straight,NA,NA,NA,NA,Changing lane to the left,Slight Injury